Hour,Day,Month,Energy_Charged,Energy_Discharged,Regulation_UP,Regulation_Down
1,1,6,0,0.0,0,0.0
2,1,6,0,0.0,0,0.0
3,1,6,0,0.0,0,0.0
4,1,6,0,0.0,0,0.0
5,1,6,0,0.0,0,0.0
6,1,6,0,0.0,0,0.0
7,1,6,0,0.0,0,0.0
8,1,6,0,0.0,0,0.0
9,1,6,0,0.0,0,0.0
10,1,6,0,0.0,0,0.0
11,1,6,0,0.0,0,0.0
12,1,6,0,0.0,0,0.0
13,1,6,0,0.0,0,0.0
14,1,6,0,0.0,0,0.0
15,1,6,0,0.0,0,0.0
16,1,6,0,0.0,0,0.0
17,1,6,0,0.0,0,0.0
18,1,6,0,0.0,0,0.0
19,1,6,0,0.0,0,100.0
20,1,6,0,0.0,0,0.0
21,1,6,0,0.0,0,0.0
22,1,6,0,100.0,0,0.0
23,1,6,0,0.0,0,0.0
24,1,6,0,0.0,0,0.0
1,2,6,0,0.0,0,0.0
2,2,6,0,0.0,0,0.0
3,2,6,0,0.0,0,0.0
4,2,6,0,0.0,0,0.0
5,2,6,0,0.0,0,0.0
6,2,6,0,0.0,0,0.0
7,2,6,0,0.0,0,0.0
8,2,6,0,0.0,0,0.0
9,2,6,0,0.0,0,0.0
10,2,6,0,0.0,0,0.0
11,2,6,0,0.0,0,0.0
12,2,6,0,0.0,0,0.0
13,2,6,0,0.0,0,0.0
14,2,6,0,0.0,0,0.0
15,2,6,0,0.0,0,0.0
16,2,6,0,0.0,0,0.0
17,2,6,0,0.0,0,0.0
18,2,6,0,0.0,0,0.0
19,2,6,0,0.0,0,100.0
20,2,6,0,0.0,0,0.0
21,2,6,0,0.0,0,0.0
22,2,6,0,100.0,0,0.0
23,2,6,0,0.0,0,0.0
24,2,6,0,0.0,0,0.0
1,3,6,0,0.0,0,0.0
2,3,6,0,0.0,0,0.0
3,3,6,0,0.0,0,0.0
4,3,6,0,0.0,0,0.0
5,3,6,0,0.0,0,0.0
6,3,6,0,0.0,0,0.0
7,3,6,0,0.0,0,0.0
8,3,6,0,0.0,0,0.0
9,3,6,0,0.0,0,0.0
10,3,6,0,0.0,0,0.0
11,3,6,0,0.0,0,0.0
12,3,6,0,0.0,0,0.0
13,3,6,0,0.0,0,0.0
14,3,6,0,0.0,0,0.0
15,3,6,0,0.0,0,0.0
16,3,6,0,0.0,0,0.0
17,3,6,0,100.0,0,100.0
18,3,6,0,0.0,0,0.0
19,3,6,0,0.0,0,0.0
20,3,6,0,0.0,0,0.0
21,3,6,0,0.0,0,0.0
22,3,6,0,0.0,0,0.0
23,3,6,0,0.0,0,0.0
24,3,6,0,0.0,0,0.0
1,4,6,0,0.0,0,0.0
2,4,6,0,0.0,0,0.0
3,4,6,0,0.0,0,0.0
4,4,6,0,0.0,0,0.0
5,4,6,0,0.0,0,0.0
6,4,6,0,0.0,0,0.0
7,4,6,0,0.0,0,0.0
8,4,6,0,0.0,0,0.0
9,4,6,0,0.0,0,0.0
10,4,6,0,0.0,0,0.0
11,4,6,0,0.0,0,0.0
12,4,6,0,0.0,0,0.0
13,4,6,0,0.0,0,0.0
14,4,6,0,0.0,0,0.0
15,4,6,0,0.0,0,0.0
16,4,6,0,0.0,0,0.0
17,4,6,0,0.0,0,0.0
18,4,6,0,0.0,0,0.0
19,4,6,0,0.0,0,100.0
20,4,6,0,0.0,0,0.0
21,4,6,0,0.0,0,0.0
22,4,6,0,0.0,0,0.0
23,4,6,0,0.0,0,0.0
24,4,6,0,100.0,0,0.0
1,5,6,0,0.0,0,0.0
2,5,6,0,0.0,0,0.0
3,5,6,0,0.0,0,0.0
4,5,6,0,0.0,0,0.0
5,5,6,0,0.0,0,0.0
6,5,6,0,0.0,0,0.0
7,5,6,0,0.0,0,0.0
8,5,6,0,0.0,0,0.0
9,5,6,0,0.0,0,0.0
10,5,6,0,0.0,0,0.0
11,5,6,0,0.0,0,0.0
12,5,6,0,0.0,0,0.0
13,5,6,0,0.0,0,0.0
14,5,6,0,0.0,0,0.0
15,5,6,0,0.0,0,0.0
16,5,6,0,0.0,0,0.0
17,5,6,0,0.0,0,0.0
18,5,6,0,0.0,0,0.0
19,5,6,0,0.0,0,0.0
20,5,6,0,0.0,0,0.0
21,5,6,0,0.0,0,100.0
22,5,6,0,100.0,0,0.0
23,5,6,0,0.0,0,0.0
24,5,6,0,0.0,0,0.0
1,6,6,0,0.0,0,0.0
2,6,6,0,0.0,0,0.0
3,6,6,0,0.0,0,0.0
4,6,6,0,0.0,0,0.0
5,6,6,0,0.0,0,0.0
6,6,6,0,0.0,0,0.0
7,6,6,0,0.0,0,0.0
8,6,6,0,0.0,0,0.0
9,6,6,0,0.0,0,0.0
10,6,6,0,0.0,0,0.0
11,6,6,0,0.0,0,0.0
12,6,6,0,0.0,0,0.0
13,6,6,0,100.0,0,0.0
14,6,6,0,0.0,0,0.0
15,6,6,0,0.0,0,0.0
16,6,6,0,0.0,0,0.0
17,6,6,0,0.0,0,0.0
18,6,6,0,0.0,0,0.0
19,6,6,0,0.0,0,0.0
20,6,6,0,0.0,0,0.0
21,6,6,0,0.0,0,100.0
22,6,6,0,0.0,0,0.0
23,6,6,0,0.0,0,0.0
24,6,6,0,0.0,0,0.0
1,7,6,0,0.0,0,0.0
2,7,6,0,0.0,0,0.0
3,7,6,0,0.0,0,0.0
4,7,6,0,0.0,0,0.0
5,7,6,0,0.0,0,0.0
6,7,6,0,0.0,0,0.0
7,7,6,0,0.0,0,0.0
8,7,6,0,0.0,0,0.0
9,7,6,0,0.0,0,0.0
10,7,6,0,0.0,0,0.0
11,7,6,0,0.0,0,0.0
12,7,6,0,0.0,0,0.0
13,7,6,0,0.0,0,0.0
14,7,6,0,100.0,0,0.0
15,7,6,0,0.0,0,0.0
16,7,6,0,0.0,0,0.0
17,7,6,0,0.0,0,100.0
18,7,6,0,0.0,0,0.0
19,7,6,0,0.0,0,0.0
20,7,6,0,0.0,0,0.0
21,7,6,0,0.0,0,0.0
22,7,6,0,0.0,0,0.0
23,7,6,0,0.0,0,0.0
24,7,6,0,0.0,0,0.0
1,8,6,0,0,0.0,0.0
2,8,6,0,0,0.0,0.0
3,8,6,0,0,0.0,0.0
4,8,6,0,0,0.0,0.0
5,8,6,0,0,0.0,0.0
6,8,6,0,0,0.0,0.0
7,8,6,0,0,0.0,0.0
8,8,6,0,0,0.0,0.0
9,8,6,0,0,0.0,0.0
10,8,6,0,0,0.0,0.0
11,8,6,0,0,0.0,0.0
12,8,6,0,0,0.0,0.0
13,8,6,0,0,0.0,0.0
14,8,6,0,0,0.0,0.0
15,8,6,0,0,0.0,0.0
16,8,6,0,0,0.0,0.0
17,8,6,0,0,0.0,0.0
18,8,6,0,0,0.0,0.0
19,8,6,0,0,0.0,0.0
20,8,6,0,0,100.0,0.0
21,8,6,0,0,0.0,100.0
22,8,6,0,0,0.0,0.0
23,8,6,0,0,0.0,0.0
24,8,6,0,0,0.0,0.0
1,9,6,0,0.0,0,0.0
2,9,6,0,0.0,0,0.0
3,9,6,0,0.0,0,0.0
4,9,6,0,0.0,0,0.0
5,9,6,0,0.0,0,0.0
6,9,6,0,0.0,0,0.0
7,9,6,0,0.0,0,0.0
8,9,6,0,0.0,0,0.0
9,9,6,0,0.0,0,0.0
10,9,6,0,0.0,0,0.0
11,9,6,0,0.0,0,0.0
12,9,6,0,0.0,0,0.0
13,9,6,0,0.0,0,0.0
14,9,6,0,0.0,0,0.0
15,9,6,0,0.0,0,0.0
16,9,6,0,100.0,0,0.0
17,9,6,0,0.0,0,100.0
18,9,6,0,0.0,0,0.0
19,9,6,0,0.0,0,0.0
20,9,6,0,0.0,0,0.0
21,9,6,0,0.0,0,0.0
22,9,6,0,0.0,0,0.0
23,9,6,0,0.0,0,0.0
24,9,6,0,0.0,0,0.0
1,10,6,0,0.0,0,0.0
2,10,6,0,0.0,0,0.0
3,10,6,0,0.0,0,0.0
4,10,6,0,0.0,0,0.0
5,10,6,0,0.0,0,0.0
6,10,6,0,0.0,0,0.0
7,10,6,0,0.0,0,0.0
8,10,6,0,0.0,0,0.0
9,10,6,0,0.0,0,0.0
10,10,6,0,0.0,0,0.0
11,10,6,0,0.0,0,0.0
12,10,6,0,0.0,0,0.0
13,10,6,0,0.0,0,0.0
14,10,6,0,0.0,0,0.0
15,10,6,0,0.0,0,0.0
16,10,6,0,0.0,0,0.0
17,10,6,0,0.0,0,0.0
18,10,6,0,0.0,0,0.0
19,10,6,0,0.0,0,100.0
20,10,6,0,100.0,0,0.0
21,10,6,0,0.0,0,0.0
22,10,6,0,0.0,0,0.0
23,10,6,0,0.0,0,0.0
24,10,6,0,0.0,0,0.0
1,11,6,0,0.0,0,0.0
2,11,6,0,0.0,0,0.0
3,11,6,0,0.0,0,0.0
4,11,6,0,0.0,0,0.0
5,11,6,0,0.0,0,0.0
6,11,6,0,0.0,0,0.0
7,11,6,0,0.0,0,0.0
8,11,6,0,0.0,0,0.0
9,11,6,0,0.0,0,0.0
10,11,6,0,0.0,0,0.0
11,11,6,0,0.0,0,0.0
12,11,6,0,0.0,0,0.0
13,11,6,0,0.0,0,0.0
14,11,6,0,0.0,0,0.0
15,11,6,0,0.0,0,0.0
16,11,6,0,0.0,0,0.0
17,11,6,0,100.0,0,0.0
18,11,6,0,0.0,0,0.0
19,11,6,0,0.0,0,100.0
20,11,6,0,0.0,0,0.0
21,11,6,0,0.0,0,0.0
22,11,6,0,0.0,0,0.0
23,11,6,0,0.0,0,0.0
24,11,6,0,0.0,0,0.0
1,12,6,0,0.0,0,0.0
2,12,6,0,0.0,0,0.0
3,12,6,0,0.0,0,0.0
4,12,6,0,0.0,0,0.0
5,12,6,0,0.0,0,0.0
6,12,6,0,0.0,0,0.0
7,12,6,0,0.0,0,0.0
8,12,6,0,0.0,0,0.0
9,12,6,0,0.0,0,0.0
10,12,6,0,0.0,0,0.0
11,12,6,0,0.0,0,0.0
12,12,6,0,0.0,0,0.0
13,12,6,0,0.0,0,0.0
14,12,6,0,100.0,0,0.0
15,12,6,0,0.0,0,0.0
16,12,6,0,0.0,0,0.0
17,12,6,0,0.0,0,0.0
18,12,6,0,0.0,0,0.0
19,12,6,0,0.0,0,100.0
20,12,6,0,0.0,0,0.0
21,12,6,0,0.0,0,0.0
22,12,6,0,0.0,0,0.0
23,12,6,0,0.0,0,0.0
24,12,6,0,0.0,0,0.0
1,13,6,0,0.0,0,0.0
2,13,6,0,0.0,0,0.0
3,13,6,0,0.0,0,0.0
4,13,6,0,0.0,0,0.0
5,13,6,0,0.0,0,0.0
6,13,6,0,0.0,0,0.0
7,13,6,0,0.0,0,0.0
8,13,6,0,0.0,0,0.0
9,13,6,0,0.0,0,0.0
10,13,6,0,0.0,0,0.0
11,13,6,0,0.0,0,0.0
12,13,6,0,0.0,0,0.0
13,13,6,0,0.0,0,0.0
14,13,6,0,0.0,0,0.0
15,13,6,0,0.0,0,0.0
16,13,6,0,0.0,0,100.0
17,13,6,0,100.0,0,0.0
18,13,6,0,0.0,0,0.0
19,13,6,0,0.0,0,0.0
20,13,6,0,0.0,0,0.0
21,13,6,0,0.0,0,0.0
22,13,6,0,0.0,0,0.0
23,13,6,0,0.0,0,0.0
24,13,6,0,0.0,0,0.0
1,14,6,0,0.0,0,0.0
2,14,6,0,0.0,0,0.0
3,14,6,0,0.0,0,0.0
4,14,6,0,0.0,0,0.0
5,14,6,0,0.0,0,0.0
6,14,6,0,0.0,0,0.0
7,14,6,0,0.0,0,0.0
8,14,6,0,0.0,0,0.0
9,14,6,0,0.0,0,0.0
10,14,6,0,0.0,0,0.0
11,14,6,0,0.0,0,0.0
12,14,6,0,0.0,0,0.0
13,14,6,0,0.0,0,0.0
14,14,6,0,0.0,0,0.0
15,14,6,0,0.0,0,0.0
16,14,6,0,0.0,0,0.0
17,14,6,0,0.0,0,0.0
18,14,6,0,0.0,0,0.0
19,14,6,0,0.0,0,0.0
20,14,6,0,0.0,0,100.0
21,14,6,0,100.0,0,0.0
22,14,6,0,0.0,0,0.0
23,14,6,0,0.0,0,0.0
24,14,6,0,0.0,0,0.0
1,15,6,0,0.0,0,0.0
2,15,6,0,0.0,0,0.0
3,15,6,0,0.0,0,0.0
4,15,6,0,0.0,0,0.0
5,15,6,0,0.0,0,0.0
6,15,6,0,0.0,0,0.0
7,15,6,0,0.0,0,0.0
8,15,6,0,0.0,0,0.0
9,15,6,0,0.0,0,0.0
10,15,6,0,0.0,0,0.0
11,15,6,0,0.0,0,0.0
12,15,6,0,0.0,0,0.0
13,15,6,0,0.0,0,0.0
14,15,6,0,0.0,0,0.0
15,15,6,0,0.0,0,0.0
16,15,6,0,0.0,0,0.0
17,15,6,0,0.0,0,0.0
18,15,6,0,0.0,0,0.0
19,15,6,0,0.0,0,100.0
20,15,6,0,0.0,0,0.0
21,15,6,0,100.0,0,0.0
22,15,6,0,0.0,0,0.0
23,15,6,0,0.0,0,0.0
24,15,6,0,0.0,0,0.0
1,16,6,0,0.0,0,0.0
2,16,6,0,0.0,0,0.0
3,16,6,0,0.0,0,0.0
4,16,6,0,0.0,0,0.0
5,16,6,0,0.0,0,0.0
6,16,6,0,0.0,0,0.0
7,16,6,0,0.0,0,0.0
8,16,6,0,0.0,0,0.0
9,16,6,0,0.0,0,0.0
10,16,6,0,0.0,0,0.0
11,16,6,0,0.0,0,0.0
12,16,6,0,0.0,0,0.0
13,16,6,0,0.0,0,0.0
14,16,6,0,0.0,0,0.0
15,16,6,0,0.0,0,0.0
16,16,6,0,0.0,0,0.0
17,16,6,0,0.0,0,100.0
18,16,6,0,0.0,0,0.0
19,16,6,0,0.0,0,0.0
20,16,6,0,100.0,0,0.0
21,16,6,0,0.0,0,0.0
22,16,6,0,0.0,0,0.0
23,16,6,0,0.0,0,0.0
24,16,6,0,0.0,0,0.0
1,17,6,0,0.0,0,0.0
2,17,6,0,0.0,0,0.0
3,17,6,0,0.0,0,0.0
4,17,6,0,0.0,0,0.0
5,17,6,0,0.0,0,0.0
6,17,6,0,0.0,0,0.0
7,17,6,0,0.0,0,0.0
8,17,6,0,0.0,0,0.0
9,17,6,0,0.0,0,0.0
10,17,6,0,0.0,0,0.0
11,17,6,0,0.0,0,0.0
12,17,6,0,0.0,0,0.0
13,17,6,0,0.0,0,0.0
14,17,6,0,0.0,0,0.0
15,17,6,0,0.0,0,0.0
16,17,6,0,100.0,0,0.0
17,17,6,0,0.0,0,0.0
18,17,6,0,0.0,0,0.0
19,17,6,0,0.0,0,100.0
20,17,6,0,0.0,0,0.0
21,17,6,0,0.0,0,0.0
22,17,6,0,0.0,0,0.0
23,17,6,0,0.0,0,0.0
24,17,6,0,0.0,0,0.0
1,18,6,0,0,0.0,0.0
2,18,6,0,0,0.0,0.0
3,18,6,0,0,0.0,0.0
4,18,6,0,0,0.0,0.0
5,18,6,0,0,0.0,0.0
6,18,6,0,0,0.0,0.0
7,18,6,0,0,0.0,0.0
8,18,6,0,0,0.0,0.0
9,18,6,0,0,0.0,0.0
10,18,6,0,0,0.0,0.0
11,18,6,0,0,0.0,0.0
12,18,6,0,0,0.0,0.0
13,18,6,0,0,0.0,0.0
14,18,6,0,0,0.0,0.0
15,18,6,0,0,0.0,0.0
16,18,6,0,0,0.0,0.0
17,18,6,0,0,0.0,0.0
18,18,6,0,0,0.0,0.0
19,18,6,0,0,0.0,0.0
20,18,6,0,0,100.0,0.0
21,18,6,0,0,0.0,100.0
22,18,6,0,0,0.0,0.0
23,18,6,0,0,0.0,0.0
24,18,6,0,0,0.0,0.0
1,19,6,0,0.0,0,0.0
2,19,6,0,0.0,0,0.0
3,19,6,0,0.0,0,0.0
4,19,6,0,0.0,0,0.0
5,19,6,0,0.0,0,0.0
6,19,6,0,0.0,0,0.0
7,19,6,0,0.0,0,0.0
8,19,6,0,0.0,0,0.0
9,19,6,0,0.0,0,0.0
10,19,6,0,0.0,0,0.0
11,19,6,0,0.0,0,0.0
12,19,6,0,0.0,0,0.0
13,19,6,0,0.0,0,0.0
14,19,6,0,0.0,0,0.0
15,19,6,0,0.0,0,0.0
16,19,6,0,100.0,0,0.0
17,19,6,0,0.0,0,0.0
18,19,6,0,0.0,0,0.0
19,19,6,0,0.0,0,0.0
20,19,6,0,0.0,0,100.0
21,19,6,0,0.0,0,0.0
22,19,6,0,0.0,0,0.0
23,19,6,0,0.0,0,0.0
24,19,6,0,0.0,0,0.0
1,20,6,0,0.0,0,0.0
2,20,6,0,0.0,0,0.0
3,20,6,0,0.0,0,0.0
4,20,6,0,0.0,0,0.0
5,20,6,0,0.0,0,0.0
6,20,6,0,0.0,0,0.0
7,20,6,0,0.0,0,0.0
8,20,6,0,0.0,0,0.0
9,20,6,0,0.0,0,0.0
10,20,6,0,0.0,0,0.0
11,20,6,0,0.0,0,0.0
12,20,6,0,0.0,0,0.0
13,20,6,0,0.0,0,0.0
14,20,6,0,0.0,0,0.0
15,20,6,0,0.0,0,0.0
16,20,6,0,0.0,0,0.0
17,20,6,0,0.0,0,100.0
18,20,6,0,0.0,0,0.0
19,20,6,0,0.0,0,0.0
20,20,6,0,100.0,0,0.0
21,20,6,0,0.0,0,0.0
22,20,6,0,0.0,0,0.0
23,20,6,0,0.0,0,0.0
24,20,6,0,0.0,0,0.0
1,21,6,0,0,0.0,0.0
2,21,6,0,0,0.0,0.0
3,21,6,0,0,0.0,0.0
4,21,6,0,0,0.0,0.0
5,21,6,0,0,0.0,0.0
6,21,6,0,0,0.0,0.0
7,21,6,0,0,0.0,0.0
8,21,6,0,0,0.0,0.0
9,21,6,0,0,0.0,0.0
10,21,6,0,0,0.0,0.0
11,21,6,0,0,0.0,0.0
12,21,6,0,0,0.0,0.0
13,21,6,0,0,0.0,0.0
14,21,6,0,0,0.0,0.0
15,21,6,0,0,0.0,0.0
16,21,6,0,0,100.0,0.0
17,21,6,0,0,0.0,0.0
18,21,6,0,0,0.0,0.0
19,21,6,0,0,0.0,100.0
20,21,6,0,0,0.0,0.0
21,21,6,0,0,0.0,0.0
22,21,6,0,0,0.0,0.0
23,21,6,0,0,0.0,0.0
24,21,6,0,0,0.0,0.0
1,22,6,0,0.0,0,0.0
2,22,6,0,0.0,0,0.0
3,22,6,0,0.0,0,0.0
4,22,6,0,0.0,0,0.0
5,22,6,0,0.0,0,0.0
6,22,6,0,0.0,0,0.0
7,22,6,0,0.0,0,0.0
8,22,6,0,0.0,0,0.0
9,22,6,0,0.0,0,0.0
10,22,6,0,0.0,0,0.0
11,22,6,0,0.0,0,0.0
12,22,6,0,0.0,0,0.0
13,22,6,0,0.0,0,0.0
14,22,6,0,0.0,0,0.0
15,22,6,0,0.0,0,0.0
16,22,6,0,100.0,0,0.0
17,22,6,0,0.0,0,0.0
18,22,6,0,0.0,0,0.0
19,22,6,0,0.0,0,100.0
20,22,6,0,0.0,0,0.0
21,22,6,0,0.0,0,0.0
22,22,6,0,0.0,0,0.0
23,22,6,0,0.0,0,0.0
24,22,6,0,0.0,0,0.0
1,23,6,0,0,0.0,0.0
2,23,6,0,0,0.0,0.0
3,23,6,0,0,0.0,0.0
4,23,6,0,0,0.0,0.0
5,23,6,0,0,0.0,0.0
6,23,6,0,0,0.0,0.0
7,23,6,0,0,0.0,0.0
8,23,6,0,0,0.0,0.0
9,23,6,0,0,0.0,0.0
10,23,6,0,0,0.0,0.0
11,23,6,0,0,0.0,0.0
12,23,6,0,0,0.0,0.0
13,23,6,0,0,0.0,0.0
14,23,6,0,0,0.0,0.0
15,23,6,0,0,0.0,0.0
16,23,6,0,0,100.0,0.0
17,23,6,0,0,0.0,0.0
18,23,6,0,0,0.0,100.0
19,23,6,0,0,0.0,0.0
20,23,6,0,0,0.0,0.0
21,23,6,0,0,0.0,0.0
22,23,6,0,0,0.0,0.0
23,23,6,0,0,0.0,0.0
24,23,6,0,0,0.0,0.0
1,24,6,0,0.0,0,0.0
2,24,6,0,0.0,0,0.0
3,24,6,0,0.0,0,0.0
4,24,6,0,0.0,0,0.0
5,24,6,0,0.0,0,0.0
6,24,6,0,0.0,0,0.0
7,24,6,0,0.0,0,0.0
8,24,6,0,0.0,0,0.0
9,24,6,0,0.0,0,0.0
10,24,6,0,0.0,0,0.0
11,24,6,0,0.0,0,0.0
12,24,6,0,0.0,0,0.0
13,24,6,0,0.0,0,0.0
14,24,6,0,0.0,0,0.0
15,24,6,0,0.0,0,0.0
16,24,6,0,0.0,0,0.0
17,24,6,0,0.0,0,0.0
18,24,6,0,100.0,0,0.0
19,24,6,0,0.0,0,100.0
20,24,6,0,0.0,0,0.0
21,24,6,0,0.0,0,0.0
22,24,6,0,0.0,0,0.0
23,24,6,0,0.0,0,0.0
24,24,6,0,0.0,0,0.0
1,25,6,0,0,0.0,0.0
2,25,6,0,0,0.0,0.0
3,25,6,0,0,0.0,0.0
4,25,6,0,0,0.0,0.0
5,25,6,0,0,0.0,0.0
6,25,6,0,0,0.0,0.0
7,25,6,0,0,0.0,0.0
8,25,6,0,0,0.0,0.0
9,25,6,0,0,0.0,0.0
10,25,6,0,0,0.0,0.0
11,25,6,0,0,0.0,0.0
12,25,6,0,0,0.0,0.0
13,25,6,0,0,0.0,0.0
14,25,6,0,0,0.0,0.0
15,25,6,0,0,0.0,0.0
16,25,6,0,0,100.0,0.0
17,25,6,0,0,0.0,0.0
18,25,6,0,0,0.0,0.0
19,25,6,0,0,0.0,100.0
20,25,6,0,0,0.0,0.0
21,25,6,0,0,0.0,0.0
22,25,6,0,0,0.0,0.0
23,25,6,0,0,0.0,0.0
24,25,6,0,0,0.0,0.0
1,26,6,0,0,0.0,0.0
2,26,6,0,0,0.0,0.0
3,26,6,0,0,0.0,0.0
4,26,6,0,0,0.0,0.0
5,26,6,0,0,0.0,0.0
6,26,6,0,0,0.0,0.0
7,26,6,0,0,0.0,0.0
8,26,6,0,0,0.0,0.0
9,26,6,0,0,0.0,0.0
10,26,6,0,0,0.0,0.0
11,26,6,0,0,0.0,0.0
12,26,6,0,0,0.0,0.0
13,26,6,0,0,0.0,0.0
14,26,6,0,0,0.0,0.0
15,26,6,0,0,0.0,0.0
16,26,6,0,0,100.0,100.0
17,26,6,0,0,0.0,0.0
18,26,6,0,0,0.0,0.0
19,26,6,0,0,0.0,0.0
20,26,6,0,0,0.0,0.0
21,26,6,0,0,0.0,0.0
22,26,6,0,0,0.0,0.0
23,26,6,0,0,0.0,0.0
24,26,6,0,0,0.0,0.0
1,27,6,0,0,0.0,0.0
2,27,6,0,0,0.0,0.0
3,27,6,0,0,0.0,0.0
4,27,6,0,0,0.0,0.0
5,27,6,0,0,0.0,0.0
6,27,6,0,0,0.0,0.0
7,27,6,0,0,0.0,0.0
8,27,6,0,0,0.0,0.0
9,27,6,0,0,0.0,0.0
10,27,6,0,0,0.0,0.0
11,27,6,0,0,0.0,0.0
12,27,6,0,0,0.0,0.0
13,27,6,0,0,0.0,0.0
14,27,6,0,0,0.0,0.0
15,27,6,0,0,0.0,0.0
16,27,6,0,0,100.0,0.0
17,27,6,0,0,0.0,0.0
18,27,6,0,0,0.0,0.0
19,27,6,0,0,0.0,100.0
20,27,6,0,0,0.0,0.0
21,27,6,0,0,0.0,0.0
22,27,6,0,0,0.0,0.0
23,27,6,0,0,0.0,0.0
24,27,6,0,0,0.0,0.0
1,28,6,0,0,0.0,0.0
2,28,6,0,0,0.0,0.0
3,28,6,0,0,0.0,0.0
4,28,6,0,0,0.0,0.0
5,28,6,0,0,0.0,0.0
6,28,6,0,0,0.0,0.0
7,28,6,0,0,0.0,0.0
8,28,6,0,0,0.0,0.0
9,28,6,0,0,0.0,0.0
10,28,6,0,0,0.0,0.0
11,28,6,0,0,0.0,0.0
12,28,6,0,0,0.0,0.0
13,28,6,0,0,0.0,0.0
14,28,6,0,0,0.0,0.0
15,28,6,0,0,0.0,0.0
16,28,6,0,0,100.0,0.0
17,28,6,0,0,0.0,0.0
18,28,6,0,0,0.0,100.0
19,28,6,0,0,0.0,0.0
20,28,6,0,0,0.0,0.0
21,28,6,0,0,0.0,0.0
22,28,6,0,0,0.0,0.0
23,28,6,0,0,0.0,0.0
24,28,6,0,0,0.0,0.0
1,29,6,0,0,0.0,0.0
2,29,6,0,0,0.0,0.0
3,29,6,0,0,0.0,0.0
4,29,6,0,0,0.0,0.0
5,29,6,0,0,0.0,0.0
6,29,6,0,0,0.0,0.0
7,29,6,0,0,0.0,0.0
8,29,6,0,0,0.0,0.0
9,29,6,0,0,0.0,0.0
10,29,6,0,0,0.0,0.0
11,29,6,0,0,0.0,0.0
12,29,6,0,0,0.0,0.0
13,29,6,0,0,0.0,0.0
14,29,6,0,0,0.0,0.0
15,29,6,0,0,0.0,0.0
16,29,6,0,0,100.0,0.0
17,29,6,0,0,0.0,0.0
18,29,6,0,0,0.0,0.0
19,29,6,0,0,0.0,100.0
20,29,6,0,0,0.0,0.0
21,29,6,0,0,0.0,0.0
22,29,6,0,0,0.0,0.0
23,29,6,0,0,0.0,0.0
24,29,6,0,0,0.0,0.0
1,30,6,0,0,0.0,0.0
2,30,6,0,0,0.0,0.0
3,30,6,0,0,0.0,0.0
4,30,6,0,0,0.0,0.0
5,30,6,0,0,0.0,0.0
6,30,6,0,0,0.0,0.0
7,30,6,0,0,0.0,0.0
8,30,6,0,0,0.0,0.0
9,30,6,0,0,0.0,0.0
10,30,6,0,0,0.0,0.0
11,30,6,0,0,0.0,0.0
12,30,6,0,0,0.0,0.0
13,30,6,0,0,0.0,0.0
14,30,6,0,0,0.0,0.0
15,30,6,0,0,0.0,0.0
16,30,6,0,0,100.0,0.0
17,30,6,0,0,0.0,0.0
18,30,6,0,0,0.0,0.0
19,30,6,0,0,0.0,100.0
20,30,6,0,0,0.0,0.0
21,30,6,0,0,0.0,0.0
22,30,6,0,0,0.0,0.0
23,30,6,0,0,0.0,0.0
24,30,6,0,0,0.0,0.0
1,1,8,0,0.0,0,0.0
2,1,8,0,0.0,0,0.0
3,1,8,0,0.0,0,0.0
4,1,8,0,0.0,0,0.0
5,1,8,0,0.0,0,0.0
6,1,8,0,0.0,0,0.0
7,1,8,0,0.0,0,0.0
8,1,8,0,0.0,0,0.0
9,1,8,0,0.0,0,0.0
10,1,8,0,0.0,0,0.0
11,1,8,0,0.0,0,0.0
12,1,8,0,0.0,0,0.0
13,1,8,0,0.0,0,0.0
14,1,8,0,0.0,0,0.0
15,1,8,0,0.0,0,0.0
16,1,8,0,0.0,0,0.0
17,1,8,0,0.0,0,100.0
18,1,8,0,0.0,0,0.0
19,1,8,0,0.0,0,0.0
20,1,8,0,0.0,0,0.0
21,1,8,0,0.0,0,0.0
22,1,8,0,0.0,0,0.0
23,1,8,0,100.0,0,0.0
24,1,8,0,0.0,0,0.0
1,2,8,0,0.0,0,0.0
2,2,8,0,0.0,0,0.0
3,2,8,0,0.0,0,0.0
4,2,8,0,0.0,0,0.0
5,2,8,0,0.0,0,0.0
6,2,8,0,0.0,0,0.0
7,2,8,0,0.0,0,0.0
8,2,8,0,0.0,0,0.0
9,2,8,0,0.0,0,0.0
10,2,8,0,0.0,0,0.0
11,2,8,0,0.0,0,0.0
12,2,8,0,0.0,0,0.0
13,2,8,0,0.0,0,0.0
14,2,8,0,0.0,0,0.0
15,2,8,0,100.0,0,0.0
16,2,8,0,0.0,0,0.0
17,2,8,0,0.0,0,0.0
18,2,8,0,0.0,0,0.0
19,2,8,0,0.0,0,100.0
20,2,8,0,0.0,0,0.0
21,2,8,0,0.0,0,0.0
22,2,8,0,0.0,0,0.0
23,2,8,0,0.0,0,0.0
24,2,8,0,0.0,0,0.0
1,3,8,0,0.0,0,0.0
2,3,8,0,0.0,0,0.0
3,3,8,0,0.0,0,0.0
4,3,8,0,0.0,0,0.0
5,3,8,0,0.0,0,0.0
6,3,8,0,0.0,0,0.0
7,3,8,0,0.0,0,0.0
8,3,8,0,0.0,0,0.0
9,3,8,0,0.0,0,0.0
10,3,8,0,0.0,0,0.0
11,3,8,0,0.0,0,0.0
12,3,8,0,0.0,0,0.0
13,3,8,0,0.0,0,0.0
14,3,8,0,0.0,0,0.0
15,3,8,0,0.0,0,0.0
16,3,8,0,0.0,0,0.0
17,3,8,0,0.0,0,0.0
18,3,8,0,0.0,0,0.0
19,3,8,0,0.0,0,0.0
20,3,8,0,0.0,0,100.0
21,3,8,0,100.0,0,0.0
22,3,8,0,0.0,0,0.0
23,3,8,0,0.0,0,0.0
24,3,8,0,0.0,0,0.0
1,4,8,0,0.0,0,0.0
2,4,8,0,0.0,0,0.0
3,4,8,0,0.0,0,0.0
4,4,8,0,0.0,0,0.0
5,4,8,0,0.0,0,0.0
6,4,8,0,0.0,0,0.0
7,4,8,0,0.0,0,0.0
8,4,8,0,0.0,0,0.0
9,4,8,0,0.0,0,0.0
10,4,8,0,0.0,0,0.0
11,4,8,0,0.0,0,0.0
12,4,8,0,0.0,0,0.0
13,4,8,0,0.0,0,0.0
14,4,8,0,0.0,0,0.0
15,4,8,0,0.0,0,0.0
16,4,8,0,0.0,0,0.0
17,4,8,0,0.0,0,0.0
18,4,8,0,100.0,0,0.0
19,4,8,0,0.0,0,0.0
20,4,8,0,0.0,0,100.0
21,4,8,0,0.0,0,0.0
22,4,8,0,0.0,0,0.0
23,4,8,0,0.0,0,0.0
24,4,8,0,0.0,0,0.0
1,5,8,0,0,0.0,0.0
2,5,8,0,0,0.0,0.0
3,5,8,0,0,0.0,0.0
4,5,8,0,0,0.0,0.0
5,5,8,0,0,0.0,0.0
6,5,8,0,0,0.0,0.0
7,5,8,0,0,0.0,0.0
8,5,8,0,0,0.0,0.0
9,5,8,0,0,0.0,0.0
10,5,8,0,0,0.0,0.0
11,5,8,0,0,0.0,0.0
12,5,8,0,0,0.0,0.0
13,5,8,0,0,0.0,0.0
14,5,8,0,0,0.0,0.0
15,5,8,0,0,0.0,0.0
16,5,8,0,0,0.0,0.0
17,5,8,0,0,0.0,0.0
18,5,8,0,0,0.0,0.0
19,5,8,0,0,0.0,0.0
20,5,8,0,0,100.0,100.0
21,5,8,0,0,0.0,0.0
22,5,8,0,0,0.0,0.0
23,5,8,0,0,0.0,0.0
24,5,8,0,0,0.0,0.0
1,6,8,0,0,0.0,0.0
2,6,8,0,0,0.0,0.0
3,6,8,0,0,0.0,0.0
4,6,8,0,0,0.0,0.0
5,6,8,0,0,0.0,0.0
6,6,8,0,0,0.0,0.0
7,6,8,0,0,0.0,0.0
8,6,8,0,0,0.0,0.0
9,6,8,0,0,0.0,0.0
10,6,8,0,0,0.0,0.0
11,6,8,0,0,0.0,0.0
12,6,8,0,0,0.0,0.0
13,6,8,0,0,0.0,0.0
14,6,8,0,0,0.0,0.0
15,6,8,0,0,0.0,0.0
16,6,8,0,0,0.0,0.0
17,6,8,0,0,0.0,0.0
18,6,8,0,0,0.0,0.0
19,6,8,0,0,0.0,0.0
20,6,8,0,0,100.0,100.0
21,6,8,0,0,0.0,0.0
22,6,8,0,0,0.0,0.0
23,6,8,0,0,0.0,0.0
24,6,8,0,0,0.0,0.0
1,7,8,0,0.0,0,0.0
2,7,8,0,0.0,0,0.0
3,7,8,0,0.0,0,0.0
4,7,8,0,0.0,0,0.0
5,7,8,0,0.0,0,0.0
6,7,8,0,0.0,0,0.0
7,7,8,0,0.0,0,0.0
8,7,8,0,0.0,0,0.0
9,7,8,0,0.0,0,0.0
10,7,8,0,0.0,0,0.0
11,7,8,0,0.0,0,0.0
12,7,8,0,0.0,0,0.0
13,7,8,0,0.0,0,0.0
14,7,8,0,0.0,0,0.0
15,7,8,0,0.0,0,0.0
16,7,8,0,0.0,0,0.0
17,7,8,0,100.0,0,100.0
18,7,8,0,0.0,0,0.0
19,7,8,0,0.0,0,0.0
20,7,8,0,0.0,0,0.0
21,7,8,0,0.0,0,0.0
22,7,8,0,0.0,0,0.0
23,7,8,0,0.0,0,0.0
24,7,8,0,0.0,0,0.0
1,8,8,0,0.0,0,0.0
2,8,8,0,0.0,0,0.0
3,8,8,0,0.0,0,0.0
4,8,8,0,0.0,0,0.0
5,8,8,0,0.0,0,0.0
6,8,8,0,0.0,0,0.0
7,8,8,0,0.0,0,0.0
8,8,8,0,0.0,0,0.0
9,8,8,0,0.0,0,0.0
10,8,8,0,0.0,0,0.0
11,8,8,0,0.0,0,0.0
12,8,8,0,0.0,0,0.0
13,8,8,0,0.0,0,0.0
14,8,8,0,0.0,0,0.0
15,8,8,0,0.0,0,0.0
16,8,8,0,0.0,0,0.0
17,8,8,0,100.0,0,100.0
18,8,8,0,0.0,0,0.0
19,8,8,0,0.0,0,0.0
20,8,8,0,0.0,0,0.0
21,8,8,0,0.0,0,0.0
22,8,8,0,0.0,0,0.0
23,8,8,0,0.0,0,0.0
24,8,8,0,0.0,0,0.0
1,9,8,0,0.0,0,0.0
2,9,8,0,0.0,0,0.0
3,9,8,0,0.0,0,0.0
4,9,8,0,0.0,0,0.0
5,9,8,0,0.0,0,0.0
6,9,8,0,0.0,0,0.0
7,9,8,0,0.0,0,0.0
8,9,8,0,0.0,0,0.0
9,9,8,0,0.0,0,0.0
10,9,8,0,0.0,0,0.0
11,9,8,0,0.0,0,0.0
12,9,8,0,0.0,0,0.0
13,9,8,0,0.0,0,0.0
14,9,8,0,0.0,0,0.0
15,9,8,0,0.0,0,0.0
16,9,8,0,0.0,0,0.0
17,9,8,0,0.0,0,0.0
18,9,8,0,0.0,0,0.0
19,9,8,0,0.0,0,100.0
20,9,8,0,100.0,0,0.0
21,9,8,0,0.0,0,0.0
22,9,8,0,0.0,0,0.0
23,9,8,0,0.0,0,0.0
24,9,8,0,0.0,0,0.0
1,10,8,0,0.0,0,0.0
2,10,8,0,0.0,0,0.0
3,10,8,0,0.0,0,0.0
4,10,8,0,0.0,0,0.0
5,10,8,0,0.0,0,0.0
6,10,8,0,0.0,0,0.0
7,10,8,0,0.0,0,0.0
8,10,8,0,0.0,0,0.0
9,10,8,0,0.0,0,0.0
10,10,8,0,0.0,0,0.0
11,10,8,0,0.0,0,0.0
12,10,8,0,0.0,0,0.0
13,10,8,0,0.0,0,0.0
14,10,8,0,0.0,0,0.0
15,10,8,0,0.0,0,0.0
16,10,8,0,0.0,0,0.0
17,10,8,0,100.0,0,0.0
18,10,8,0,0.0,0,0.0
19,10,8,0,0.0,0,0.0
20,10,8,0,0.0,0,100.0
21,10,8,0,0.0,0,0.0
22,10,8,0,0.0,0,0.0
23,10,8,0,0.0,0,0.0
24,10,8,0,0.0,0,0.0
1,11,8,0,0.0,0,0.0
2,11,8,0,0.0,0,0.0
3,11,8,0,0.0,0,0.0
4,11,8,0,0.0,0,0.0
5,11,8,0,0.0,0,0.0
6,11,8,0,0.0,0,0.0
7,11,8,0,0.0,0,0.0
8,11,8,0,0.0,0,0.0
9,11,8,0,0.0,0,0.0
10,11,8,0,0.0,0,0.0
11,11,8,0,0.0,0,0.0
12,11,8,0,0.0,0,0.0
13,11,8,0,0.0,0,0.0
14,11,8,0,0.0,0,0.0
15,11,8,0,0.0,0,0.0
16,11,8,0,0.0,0,0.0
17,11,8,0,0.0,0,0.0
18,11,8,0,0.0,0,0.0
19,11,8,0,0.0,0,0.0
20,11,8,0,100.0,0,100.0
21,11,8,0,0.0,0,0.0
22,11,8,0,0.0,0,0.0
23,11,8,0,0.0,0,0.0
24,11,8,0,0.0,0,0.0
1,12,8,0,0.0,0,0.0
2,12,8,0,0.0,0,0.0
3,12,8,0,0.0,0,0.0
4,12,8,0,0.0,0,0.0
5,12,8,0,0.0,0,0.0
6,12,8,0,0.0,0,0.0
7,12,8,0,0.0,0,0.0
8,12,8,0,0.0,0,0.0
9,12,8,0,0.0,0,0.0
10,12,8,0,0.0,0,0.0
11,12,8,0,0.0,0,0.0
12,12,8,0,0.0,0,0.0
13,12,8,0,0.0,0,0.0
14,12,8,0,0.0,0,0.0
15,12,8,0,0.0,0,0.0
16,12,8,0,0.0,0,0.0
17,12,8,0,0.0,0,0.0
18,12,8,0,0.0,0,0.0
19,12,8,0,0.0,0,100.0
20,12,8,0,0.0,0,0.0
21,12,8,0,100.0,0,0.0
22,12,8,0,0.0,0,0.0
23,12,8,0,0.0,0,0.0
24,12,8,0,0.0,0,0.0
1,13,8,0,0.0,0,0.0
2,13,8,0,0.0,0,0.0
3,13,8,0,0.0,0,0.0
4,13,8,0,0.0,0,0.0
5,13,8,0,0.0,0,0.0
6,13,8,0,0.0,0,0.0
7,13,8,0,0.0,0,0.0
8,13,8,0,0.0,0,0.0
9,13,8,0,0.0,0,0.0
10,13,8,0,0.0,0,0.0
11,13,8,0,0.0,0,0.0
12,13,8,0,0.0,0,0.0
13,13,8,0,0.0,0,0.0
14,13,8,0,0.0,0,0.0
15,13,8,0,0.0,0,0.0
16,13,8,0,0.0,0,0.0
17,13,8,0,0.0,0,0.0
18,13,8,0,0.0,0,0.0
19,13,8,0,0.0,0,100.0
20,13,8,0,0.0,0,0.0
21,13,8,0,100.0,0,0.0
22,13,8,0,0.0,0,0.0
23,13,8,0,0.0,0,0.0
24,13,8,0,0.0,0,0.0
1,14,8,0,0,0.0,0.0
2,14,8,0,0,0.0,0.0
3,14,8,0,0,0.0,0.0
4,14,8,0,0,0.0,0.0
5,14,8,0,0,0.0,0.0
6,14,8,0,0,0.0,0.0
7,14,8,0,0,0.0,0.0
8,14,8,0,0,0.0,0.0
9,14,8,0,0,0.0,0.0
10,14,8,0,0,0.0,0.0
11,14,8,0,0,0.0,0.0
12,14,8,0,0,0.0,0.0
13,14,8,0,0,0.0,0.0
14,14,8,0,0,0.0,0.0
15,14,8,0,0,0.0,0.0
16,14,8,0,0,0.0,0.0
17,14,8,0,0,0.0,0.0
18,14,8,0,0,100.0,100.0
19,14,8,0,0,0.0,0.0
20,14,8,0,0,0.0,0.0
21,14,8,0,0,0.0,0.0
22,14,8,0,0,0.0,0.0
23,14,8,0,0,0.0,0.0
24,14,8,0,0,0.0,0.0
1,15,8,0,0,0.0,0.0
2,15,8,0,0,0.0,0.0
3,15,8,0,0,0.0,0.0
4,15,8,0,0,0.0,0.0
5,15,8,0,0,0.0,0.0
6,15,8,0,0,0.0,0.0
7,15,8,0,0,0.0,0.0
8,15,8,0,0,0.0,0.0
9,15,8,0,0,0.0,0.0
10,15,8,0,0,0.0,0.0
11,15,8,0,0,0.0,0.0
12,15,8,0,0,0.0,0.0
13,15,8,0,0,0.0,0.0
14,15,8,0,0,0.0,0.0
15,15,8,0,0,0.0,0.0
16,15,8,0,0,0.0,0.0
17,15,8,0,0,0.0,0.0
18,15,8,0,0,0.0,0.0
19,15,8,0,0,0.0,0.0
20,15,8,0,0,0.0,0.0
21,15,8,0,0,100.0,100.0
22,15,8,0,0,0.0,0.0
23,15,8,0,0,0.0,0.0
24,15,8,0,0,0.0,0.0
1,16,8,0,0,0.0,0.0
2,16,8,0,0,0.0,0.0
3,16,8,0,0,0.0,0.0
4,16,8,0,0,0.0,0.0
5,16,8,0,0,0.0,0.0
6,16,8,0,0,0.0,0.0
7,16,8,0,0,0.0,0.0
8,16,8,0,0,0.0,0.0
9,16,8,0,0,0.0,0.0
10,16,8,0,0,0.0,0.0
11,16,8,0,0,0.0,0.0
12,16,8,0,0,0.0,0.0
13,16,8,0,0,0.0,0.0
14,16,8,0,0,0.0,0.0
15,16,8,0,0,0.0,0.0
16,16,8,0,0,0.0,0.0
17,16,8,0,0,0.0,0.0
18,16,8,0,0,0.0,0.0
19,16,8,0,0,0.0,0.0
20,16,8,0,0,100.0,100.0
21,16,8,0,0,0.0,0.0
22,16,8,0,0,0.0,0.0
23,16,8,0,0,0.0,0.0
24,16,8,0,0,0.0,0.0
1,17,8,0,0.0,0,0.0
2,17,8,0,0.0,0,0.0
3,17,8,0,0.0,0,0.0
4,17,8,0,0.0,0,0.0
5,17,8,0,0.0,0,0.0
6,17,8,0,0.0,0,0.0
7,17,8,0,0.0,0,0.0
8,17,8,0,0.0,0,0.0
9,17,8,0,0.0,0,0.0
10,17,8,0,0.0,0,0.0
11,17,8,0,0.0,0,0.0
12,17,8,0,0.0,0,0.0
13,17,8,0,0.0,0,0.0
14,17,8,0,0.0,0,0.0
15,17,8,0,0.0,0,0.0
16,17,8,0,0.0,0,0.0
17,17,8,0,0.0,0,100.0
18,17,8,0,0.0,0,0.0
19,17,8,0,0.0,0,0.0
20,17,8,0,100.0,0,0.0
21,17,8,0,0.0,0,0.0
22,17,8,0,0.0,0,0.0
23,17,8,0,0.0,0,0.0
24,17,8,0,0.0,0,0.0
1,18,8,0,0,0.0,0.0
2,18,8,0,0,0.0,0.0
3,18,8,0,0,0.0,0.0
4,18,8,0,0,0.0,0.0
5,18,8,0,0,0.0,0.0
6,18,8,0,0,0.0,0.0
7,18,8,0,0,0.0,0.0
8,18,8,0,0,0.0,0.0
9,18,8,0,0,0.0,0.0
10,18,8,0,0,0.0,0.0
11,18,8,0,0,0.0,0.0
12,18,8,0,0,0.0,0.0
13,18,8,0,0,0.0,0.0
14,18,8,0,0,0.0,0.0
15,18,8,0,0,0.0,0.0
16,18,8,0,0,0.0,0.0
17,18,8,0,0,0.0,0.0
18,18,8,0,0,100.0,100.0
19,18,8,0,0,0.0,0.0
20,18,8,0,0,0.0,0.0
21,18,8,0,0,0.0,0.0
22,18,8,0,0,0.0,0.0
23,18,8,0,0,0.0,0.0
24,18,8,0,0,0.0,0.0
1,19,8,0,0,0.0,0.0
2,19,8,0,0,0.0,0.0
3,19,8,0,0,0.0,0.0
4,19,8,0,0,0.0,0.0
5,19,8,0,0,0.0,0.0
6,19,8,0,0,0.0,0.0
7,19,8,0,0,0.0,0.0
8,19,8,0,0,0.0,0.0
9,19,8,0,0,0.0,0.0
10,19,8,0,0,0.0,0.0
11,19,8,0,0,0.0,0.0
12,19,8,0,0,0.0,0.0
13,19,8,0,0,0.0,0.0
14,19,8,0,0,0.0,0.0
15,19,8,0,0,0.0,0.0
16,19,8,0,0,0.0,0.0
17,19,8,0,0,0.0,0.0
18,19,8,0,0,0.0,0.0
19,19,8,0,0,0.0,0.0
20,19,8,0,0,100.0,100.0
21,19,8,0,0,0.0,0.0
22,19,8,0,0,0.0,0.0
23,19,8,0,0,0.0,0.0
24,19,8,0,0,0.0,0.0
1,20,8,0,0,0.0,0.0
2,20,8,0,0,0.0,0.0
3,20,8,0,0,0.0,0.0
4,20,8,0,0,0.0,0.0
5,20,8,0,0,0.0,0.0
6,20,8,0,0,0.0,0.0
7,20,8,0,0,0.0,0.0
8,20,8,0,0,0.0,0.0
9,20,8,0,0,0.0,0.0
10,20,8,0,0,0.0,0.0
11,20,8,0,0,0.0,0.0
12,20,8,0,0,0.0,0.0
13,20,8,0,0,0.0,0.0
14,20,8,0,0,0.0,0.0
15,20,8,0,0,0.0,0.0
16,20,8,0,0,0.0,0.0
17,20,8,0,0,0.0,0.0
18,20,8,0,0,0.0,0.0
19,20,8,0,0,0.0,0.0
20,20,8,0,0,100.0,100.0
21,20,8,0,0,0.0,0.0
22,20,8,0,0,0.0,0.0
23,20,8,0,0,0.0,0.0
24,20,8,0,0,0.0,0.0
1,21,8,0,0.0,0,0.0
2,21,8,0,0.0,0,0.0
3,21,8,0,0.0,0,0.0
4,21,8,0,0.0,0,0.0
5,21,8,0,0.0,0,0.0
6,21,8,0,0.0,0,0.0
7,21,8,0,0.0,0,0.0
8,21,8,0,0.0,0,0.0
9,21,8,0,0.0,0,0.0
10,21,8,0,0.0,0,0.0
11,21,8,0,0.0,0,0.0
12,21,8,0,100.0,0,0.0
13,21,8,0,0.0,0,0.0
14,21,8,0,0.0,0,0.0
15,21,8,0,0.0,0,0.0
16,21,8,0,0.0,0,0.0
17,21,8,0,0.0,0,0.0
18,21,8,0,0.0,0,0.0
19,21,8,0,0.0,0,0.0
20,21,8,0,0.0,0,100.0
21,21,8,0,0.0,0,0.0
22,21,8,0,0.0,0,0.0
23,21,8,0,0.0,0,0.0
24,21,8,0,0.0,0,0.0
1,22,8,0,0.0,0,0.0
2,22,8,0,0.0,0,0.0
3,22,8,0,0.0,0,0.0
4,22,8,0,0.0,0,0.0
5,22,8,0,0.0,0,0.0
6,22,8,0,0.0,0,0.0
7,22,8,0,0.0,0,0.0
8,22,8,0,0.0,0,0.0
9,22,8,0,0.0,0,0.0
10,22,8,0,0.0,0,0.0
11,22,8,0,0.0,0,0.0
12,22,8,0,100.0,0,0.0
13,22,8,0,0.0,0,0.0
14,22,8,0,0.0,0,0.0
15,22,8,0,0.0,0,0.0
16,22,8,0,0.0,0,0.0
17,22,8,0,0.0,0,0.0
18,22,8,0,0.0,0,0.0
19,22,8,0,0.0,0,0.0
20,22,8,0,0.0,0,100.0
21,22,8,0,0.0,0,0.0
22,22,8,0,0.0,0,0.0
23,22,8,0,0.0,0,0.0
24,22,8,0,0.0,0,0.0
1,23,8,0,0,0.0,0.0
2,23,8,0,0,0.0,0.0
3,23,8,0,0,0.0,0.0
4,23,8,0,0,0.0,0.0
5,23,8,0,0,0.0,0.0
6,23,8,0,0,0.0,0.0
7,23,8,0,0,0.0,0.0
8,23,8,0,0,0.0,0.0
9,23,8,0,0,0.0,0.0
10,23,8,0,0,0.0,0.0
11,23,8,0,0,0.0,0.0
12,23,8,0,0,0.0,0.0
13,23,8,0,0,0.0,0.0
14,23,8,0,0,0.0,0.0
15,23,8,0,0,0.0,0.0
16,23,8,0,0,0.0,0.0
17,23,8,0,0,0.0,0.0
18,23,8,0,0,0.0,0.0
19,23,8,0,0,0.0,0.0
20,23,8,0,0,100.0,100.0
21,23,8,0,0,0.0,0.0
22,23,8,0,0,0.0,0.0
23,23,8,0,0,0.0,0.0
24,23,8,0,0,0.0,0.0
1,24,8,0,0.0,0,0.0
2,24,8,0,0.0,0,0.0
3,24,8,0,0.0,0,0.0
4,24,8,0,0.0,0,0.0
5,24,8,0,0.0,0,0.0
6,24,8,0,0.0,0,0.0
7,24,8,0,0.0,0,0.0
8,24,8,0,0.0,0,0.0
9,24,8,0,0.0,0,0.0
10,24,8,0,0.0,0,0.0
11,24,8,0,0.0,0,0.0
12,24,8,0,0.0,0,0.0
13,24,8,0,0.0,0,0.0
14,24,8,0,0.0,0,0.0
15,24,8,0,0.0,0,0.0
16,24,8,0,0.0,0,0.0
17,24,8,0,0.0,0,0.0
18,24,8,0,0.0,0,0.0
19,24,8,0,0.0,0,100.0
20,24,8,0,100.0,0,0.0
21,24,8,0,0.0,0,0.0
22,24,8,0,0.0,0,0.0
23,24,8,0,0.0,0,0.0
24,24,8,0,0.0,0,0.0
1,25,8,0,0,0.0,0.0
2,25,8,0,0,0.0,0.0
3,25,8,0,0,0.0,0.0
4,25,8,0,0,0.0,0.0
5,25,8,0,0,0.0,0.0
6,25,8,0,0,0.0,0.0
7,25,8,0,0,0.0,0.0
8,25,8,0,0,0.0,0.0
9,25,8,0,0,0.0,0.0
10,25,8,0,0,0.0,0.0
11,25,8,0,0,0.0,0.0
12,25,8,0,0,0.0,0.0
13,25,8,0,0,0.0,0.0
14,25,8,0,0,0.0,0.0
15,25,8,0,0,0.0,0.0
16,25,8,0,0,0.0,0.0
17,25,8,0,0,0.0,0.0
18,25,8,0,0,0.0,0.0
19,25,8,0,0,0.0,100.0
20,25,8,0,0,100.0,0.0
21,25,8,0,0,0.0,0.0
22,25,8,0,0,0.0,0.0
23,25,8,0,0,0.0,0.0
24,25,8,0,0,0.0,0.0
1,26,8,0,0.0,0,0.0
2,26,8,0,0.0,0,0.0
3,26,8,0,0.0,0,0.0
4,26,8,0,0.0,0,0.0
5,26,8,0,0.0,0,0.0
6,26,8,0,0.0,0,0.0
7,26,8,0,0.0,0,0.0
8,26,8,0,0.0,0,0.0
9,26,8,0,0.0,0,0.0
10,26,8,0,0.0,0,0.0
11,26,8,0,0.0,0,0.0
12,26,8,0,0.0,0,0.0
13,26,8,0,0.0,0,0.0
14,26,8,0,0.0,0,0.0
15,26,8,0,100.0,0,0.0
16,26,8,0,0.0,0,0.0
17,26,8,0,0.0,0,0.0
18,26,8,0,0.0,0,0.0
19,26,8,0,0.0,0,100.0
20,26,8,0,0.0,0,0.0
21,26,8,0,0.0,0,0.0
22,26,8,0,0.0,0,0.0
23,26,8,0,0.0,0,0.0
24,26,8,0,0.0,0,0.0
1,27,8,0,0,0.0,0.0
2,27,8,0,0,0.0,0.0
3,27,8,0,0,0.0,0.0
4,27,8,0,0,0.0,0.0
5,27,8,0,0,0.0,0.0
6,27,8,0,0,0.0,0.0
7,27,8,0,0,0.0,0.0
8,27,8,0,0,0.0,0.0
9,27,8,0,0,0.0,0.0
10,27,8,0,0,0.0,0.0
11,27,8,0,0,0.0,0.0
12,27,8,0,0,0.0,0.0
13,27,8,0,0,0.0,0.0
14,27,8,0,0,0.0,0.0
15,27,8,0,0,0.0,0.0
16,27,8,0,0,0.0,0.0
17,27,8,0,0,0.0,0.0
18,27,8,0,0,0.0,0.0
19,27,8,0,0,100.0,100.0
20,27,8,0,0,0.0,0.0
21,27,8,0,0,0.0,0.0
22,27,8,0,0,0.0,0.0
23,27,8,0,0,0.0,0.0
24,27,8,0,0,0.0,0.0
1,28,8,0,0.0,0,0.0
2,28,8,0,0.0,0,0.0
3,28,8,0,0.0,0,0.0
4,28,8,0,0.0,0,0.0
5,28,8,0,0.0,0,0.0
6,28,8,0,0.0,0,0.0
7,28,8,0,0.0,0,0.0
8,28,8,0,0.0,0,0.0
9,28,8,0,0.0,0,0.0
10,28,8,0,0.0,0,0.0
11,28,8,0,0.0,0,0.0
12,28,8,0,0.0,0,0.0
13,28,8,0,0.0,0,0.0
14,28,8,0,0.0,0,0.0
15,28,8,0,0.0,0,0.0
16,28,8,0,0.0,0,0.0
17,28,8,0,0.0,0,0.0
18,28,8,0,0.0,0,0.0
19,28,8,0,0.0,0,100.0
20,28,8,0,0.0,0,0.0
21,28,8,0,100.0,0,0.0
22,28,8,0,0.0,0,0.0
23,28,8,0,0.0,0,0.0
24,28,8,0,0.0,0,0.0
1,29,8,0,0.0,0,0.0
2,29,8,0,0.0,0,0.0
3,29,8,0,0.0,0,0.0
4,29,8,0,0.0,0,0.0
5,29,8,0,0.0,0,0.0
6,29,8,0,0.0,0,0.0
7,29,8,0,0.0,0,0.0
8,29,8,0,0.0,0,0.0
9,29,8,0,0.0,0,0.0
10,29,8,0,0.0,0,0.0
11,29,8,0,0.0,0,0.0
12,29,8,0,0.0,0,0.0
13,29,8,0,0.0,0,0.0
14,29,8,0,0.0,0,0.0
15,29,8,0,0.0,0,0.0
16,29,8,0,0.0,0,0.0
17,29,8,0,0.0,0,0.0
18,29,8,0,0.0,0,0.0
19,29,8,0,0.0,0,0.0
20,29,8,0,0.0,0,100.0
21,29,8,0,100.0,0,0.0
22,29,8,0,0.0,0,0.0
23,29,8,0,0.0,0,0.0
24,29,8,0,0.0,0,0.0
1,30,8,0,0.0,0,0.0
2,30,8,0,0.0,0,0.0
3,30,8,0,0.0,0,0.0
4,30,8,0,0.0,0,0.0
5,30,8,0,0.0,0,0.0
6,30,8,0,0.0,0,0.0
7,30,8,0,0.0,0,0.0
8,30,8,0,0.0,0,0.0
9,30,8,0,0.0,0,0.0
10,30,8,0,0.0,0,0.0
11,30,8,0,0.0,0,0.0
12,30,8,0,0.0,0,0.0
13,30,8,0,0.0,0,0.0
14,30,8,0,0.0,0,0.0
15,30,8,0,0.0,0,0.0
16,30,8,0,0.0,0,0.0
17,30,8,0,0.0,0,0.0
18,30,8,0,0.0,0,0.0
19,30,8,0,0.0,0,100.0
20,30,8,0,0.0,0,0.0
21,30,8,0,100.0,0,0.0
22,30,8,0,0.0,0,0.0
23,30,8,0,0.0,0,0.0
24,30,8,0,0.0,0,0.0
1,31,8,0,0,0.0,0.0
2,31,8,0,0,0.0,0.0
3,31,8,0,0,0.0,0.0
4,31,8,0,0,0.0,0.0
5,31,8,0,0,0.0,0.0
6,31,8,0,0,0.0,0.0
7,31,8,0,0,0.0,0.0
8,31,8,0,0,0.0,0.0
9,31,8,0,0,0.0,0.0
10,31,8,0,0,0.0,0.0
11,31,8,0,0,0.0,0.0
12,31,8,0,0,0.0,0.0
13,31,8,0,0,0.0,0.0
14,31,8,0,0,0.0,0.0
15,31,8,0,0,0.0,0.0
16,31,8,0,0,0.0,0.0
17,31,8,0,0,0.0,0.0
18,31,8,0,0,0.0,0.0
19,31,8,0,0,0.0,100.0
20,31,8,0,0,100.0,0.0
21,31,8,0,0,0.0,0.0
22,31,8,0,0,0.0,0.0
23,31,8,0,0,0.0,0.0
24,31,8,0,0,0.0,0.0
1,1,9,0,0,0.0,0.0
2,1,9,0,0,0.0,0.0
3,1,9,0,0,0.0,0.0
4,1,9,0,0,0.0,0.0
5,1,9,0,0,0.0,0.0
6,1,9,0,0,0.0,0.0
7,1,9,0,0,0.0,0.0
8,1,9,0,0,0.0,0.0
9,1,9,0,0,0.0,0.0
10,1,9,0,0,0.0,0.0
11,1,9,0,0,0.0,0.0
12,1,9,0,0,0.0,0.0
13,1,9,0,0,0.0,0.0
14,1,9,0,0,0.0,0.0
15,1,9,0,0,0.0,0.0
16,1,9,0,0,0.0,0.0
17,1,9,0,0,100.0,100.0
18,1,9,0,0,0.0,0.0
19,1,9,0,0,0.0,0.0
20,1,9,0,0,0.0,0.0
21,1,9,0,0,0.0,0.0
22,1,9,0,0,0.0,0.0
23,1,9,0,0,0.0,0.0
24,1,9,0,0,0.0,0.0
1,2,9,0,0,0.0,0.0
2,2,9,0,0,0.0,0.0
3,2,9,0,0,0.0,0.0
4,2,9,0,0,0.0,0.0
5,2,9,0,0,0.0,0.0
6,2,9,0,0,0.0,0.0
7,2,9,0,0,0.0,0.0
8,2,9,0,0,0.0,0.0
9,2,9,0,0,0.0,0.0
10,2,9,0,0,0.0,0.0
11,2,9,0,0,0.0,0.0
12,2,9,0,0,0.0,0.0
13,2,9,0,0,0.0,0.0
14,2,9,0,0,0.0,0.0
15,2,9,0,0,0.0,0.0
16,2,9,0,0,0.0,0.0
17,2,9,0,0,0.0,0.0
18,2,9,0,0,0.0,0.0
19,2,9,0,0,100.0,100.0
20,2,9,0,0,0.0,0.0
21,2,9,0,0,0.0,0.0
22,2,9,0,0,0.0,0.0
23,2,9,0,0,0.0,0.0
24,2,9,0,0,0.0,0.0
1,3,9,0,0,0.0,0.0
2,3,9,0,0,0.0,0.0
3,3,9,0,0,0.0,0.0
4,3,9,0,0,0.0,0.0
5,3,9,0,0,0.0,0.0
6,3,9,0,0,0.0,0.0
7,3,9,0,0,0.0,0.0
8,3,9,0,0,0.0,0.0
9,3,9,0,0,0.0,0.0
10,3,9,0,0,0.0,0.0
11,3,9,0,0,0.0,0.0
12,3,9,0,0,0.0,0.0
13,3,9,0,0,0.0,0.0
14,3,9,0,0,0.0,0.0
15,3,9,0,0,0.0,0.0
16,3,9,0,0,0.0,0.0
17,3,9,0,0,100.0,0.0
18,3,9,0,0,0.0,0.0
19,3,9,0,0,0.0,0.0
20,3,9,0,0,0.0,100.0
21,3,9,0,0,0.0,0.0
22,3,9,0,0,0.0,0.0
23,3,9,0,0,0.0,0.0
24,3,9,0,0,0.0,0.0
1,4,9,0,0.0,0,0.0
2,4,9,0,0.0,0,0.0
3,4,9,0,0.0,0,0.0
4,4,9,0,0.0,0,0.0
5,4,9,0,0.0,0,0.0
6,4,9,0,0.0,0,0.0
7,4,9,0,0.0,0,0.0
8,4,9,0,0.0,0,0.0
9,4,9,0,0.0,0,0.0
10,4,9,0,0.0,0,0.0
11,4,9,0,0.0,0,0.0
12,4,9,0,0.0,0,0.0
13,4,9,0,0.0,0,0.0
14,4,9,0,0.0,0,0.0
15,4,9,0,0.0,0,0.0
16,4,9,0,0.0,0,100.0
17,4,9,0,0.0,0,0.0
18,4,9,0,0.0,0,0.0
19,4,9,0,0.0,0,0.0
20,4,9,0,100.0,0,0.0
21,4,9,0,0.0,0,0.0
22,4,9,0,0.0,0,0.0
23,4,9,0,0.0,0,0.0
24,4,9,0,0.0,0,0.0
1,5,9,0,0.0,0,0.0
2,5,9,0,0.0,0,0.0
3,5,9,0,0.0,0,0.0
4,5,9,0,0.0,0,0.0
5,5,9,0,0.0,0,0.0
6,5,9,0,0.0,0,0.0
7,5,9,0,0.0,0,0.0
8,5,9,0,0.0,0,0.0
9,5,9,0,0.0,0,0.0
10,5,9,0,0.0,0,0.0
11,5,9,0,0.0,0,0.0
12,5,9,0,0.0,0,0.0
13,5,9,0,0.0,0,0.0
14,5,9,0,0.0,0,0.0
15,5,9,0,0.0,0,0.0
16,5,9,0,0.0,0,0.0
17,5,9,0,0.0,0,0.0
18,5,9,0,0.0,0,0.0
19,5,9,0,0.0,0,0.0
20,5,9,0,100.0,0,100.0
21,5,9,0,0.0,0,0.0
22,5,9,0,0.0,0,0.0
23,5,9,0,0.0,0,0.0
24,5,9,0,0.0,0,0.0
1,6,9,0,0.0,0,0.0
2,6,9,0,0.0,0,0.0
3,6,9,0,0.0,0,0.0
4,6,9,0,0.0,0,0.0
5,6,9,0,0.0,0,0.0
6,6,9,0,0.0,0,0.0
7,6,9,0,0.0,0,0.0
8,6,9,0,0.0,0,0.0
9,6,9,0,0.0,0,0.0
10,6,9,0,0.0,0,0.0
11,6,9,0,0.0,0,0.0
12,6,9,0,0.0,0,0.0
13,6,9,0,0.0,0,0.0
14,6,9,0,0.0,0,0.0
15,6,9,0,0.0,0,0.0
16,6,9,0,0.0,0,0.0
17,6,9,0,0.0,0,0.0
18,6,9,0,0.0,0,0.0
19,6,9,0,0.0,0,0.0
20,6,9,0,100.0,0,100.0
21,6,9,0,0.0,0,0.0
22,6,9,0,0.0,0,0.0
23,6,9,0,0.0,0,0.0
24,6,9,0,0.0,0,0.0
1,7,9,0,0.0,0,0.0
2,7,9,0,0.0,0,0.0
3,7,9,0,0.0,0,0.0
4,7,9,0,0.0,0,0.0
5,7,9,0,0.0,0,0.0
6,7,9,0,0.0,0,0.0
7,7,9,0,0.0,0,0.0
8,7,9,0,0.0,0,0.0
9,7,9,0,0.0,0,0.0
10,7,9,0,0.0,0,0.0
11,7,9,0,0.0,0,0.0
12,7,9,0,0.0,0,0.0
13,7,9,0,0.0,0,0.0
14,7,9,0,0.0,0,0.0
15,7,9,0,0.0,0,0.0
16,7,9,0,0.0,0,0.0
17,7,9,0,0.0,0,0.0
18,7,9,0,0.0,0,100.0
19,7,9,0,0.0,0,0.0
20,7,9,0,100.0,0,0.0
21,7,9,0,0.0,0,0.0
22,7,9,0,0.0,0,0.0
23,7,9,0,0.0,0,0.0
24,7,9,0,0.0,0,0.0
1,8,9,0,0.0,0,0.0
2,8,9,0,0.0,0,0.0
3,8,9,0,0.0,0,0.0
4,8,9,0,0.0,0,0.0
5,8,9,0,0.0,0,0.0
6,8,9,0,0.0,0,0.0
7,8,9,0,0.0,0,0.0
8,8,9,0,0.0,0,0.0
9,8,9,0,0.0,0,0.0
10,8,9,0,0.0,0,0.0
11,8,9,0,0.0,0,0.0
12,8,9,0,0.0,0,0.0
13,8,9,0,0.0,0,0.0
14,8,9,0,0.0,0,0.0
15,8,9,0,0.0,0,0.0
16,8,9,0,0.0,0,0.0
17,8,9,0,100.0,0,0.0
18,8,9,0,0.0,0,0.0
19,8,9,0,0.0,0,0.0
20,8,9,0,0.0,0,100.0
21,8,9,0,0.0,0,0.0
22,8,9,0,0.0,0,0.0
23,8,9,0,0.0,0,0.0
24,8,9,0,0.0,0,0.0
1,9,9,0,0,0.0,0.0
2,9,9,0,0,0.0,0.0
3,9,9,0,0,0.0,0.0
4,9,9,0,0,0.0,0.0
5,9,9,0,0,0.0,0.0
6,9,9,0,0,0.0,0.0
7,9,9,0,0,0.0,0.0
8,9,9,0,0,0.0,0.0
9,9,9,0,0,0.0,0.0
10,9,9,0,0,0.0,0.0
11,9,9,0,0,0.0,0.0
12,9,9,0,0,0.0,0.0
13,9,9,0,0,0.0,0.0
14,9,9,0,0,0.0,0.0
15,9,9,0,0,0.0,0.0
16,9,9,0,0,100.0,0.0
17,9,9,0,0,0.0,0.0
18,9,9,0,0,0.0,100.0
19,9,9,0,0,0.0,0.0
20,9,9,0,0,0.0,0.0
21,9,9,0,0,0.0,0.0
22,9,9,0,0,0.0,0.0
23,9,9,0,0,0.0,0.0
24,9,9,0,0,0.0,0.0
1,10,9,0,0.0,0,0.0
2,10,9,0,0.0,0,0.0
3,10,9,0,0.0,0,0.0
4,10,9,0,0.0,0,0.0
5,10,9,0,0.0,0,0.0
6,10,9,0,0.0,0,0.0
7,10,9,0,0.0,0,0.0
8,10,9,0,0.0,0,0.0
9,10,9,0,0.0,0,0.0
10,10,9,0,0.0,0,0.0
11,10,9,0,0.0,0,0.0
12,10,9,0,0.0,0,0.0
13,10,9,0,0.0,0,0.0
14,10,9,0,0.0,0,0.0
15,10,9,0,0.0,0,0.0
16,10,9,0,0.0,0,0.0
17,10,9,0,0.0,0,0.0
18,10,9,0,100.0,0,0.0
19,10,9,0,0.0,0,0.0
20,10,9,0,0.0,0,100.0
21,10,9,0,0.0,0,0.0
22,10,9,0,0.0,0,0.0
23,10,9,0,0.0,0,0.0
24,10,9,0,0.0,0,0.0
1,11,9,0,0.0,0,0.0
2,11,9,0,0.0,0,0.0
3,11,9,0,0.0,0,0.0
4,11,9,0,0.0,0,0.0
5,11,9,0,0.0,0,0.0
6,11,9,0,0.0,0,0.0
7,11,9,0,0.0,0,0.0
8,11,9,0,0.0,0,0.0
9,11,9,0,0.0,0,0.0
10,11,9,0,0.0,0,0.0
11,11,9,0,0.0,0,0.0
12,11,9,0,0.0,0,0.0
13,11,9,0,0.0,0,0.0
14,11,9,0,0.0,0,0.0
15,11,9,0,0.0,0,0.0
16,11,9,0,0.0,0,0.0
17,11,9,0,100.0,0,0.0
18,11,9,0,0.0,0,100.0
19,11,9,0,0.0,0,0.0
20,11,9,0,0.0,0,0.0
21,11,9,0,0.0,0,0.0
22,11,9,0,0.0,0,0.0
23,11,9,0,0.0,0,0.0
24,11,9,0,0.0,0,0.0
1,12,9,0,0.0,0,0.0
2,12,9,0,0.0,0,0.0
3,12,9,0,0.0,0,0.0
4,12,9,0,0.0,0,0.0
5,12,9,0,0.0,0,0.0
6,12,9,0,0.0,0,0.0
7,12,9,0,0.0,0,0.0
8,12,9,0,0.0,0,0.0
9,12,9,0,0.0,0,0.0
10,12,9,0,0.0,0,0.0
11,12,9,0,0.0,0,0.0
12,12,9,0,0.0,0,0.0
13,12,9,0,0.0,0,0.0
14,12,9,0,0.0,0,0.0
15,12,9,0,0.0,0,0.0
16,12,9,0,0.0,0,0.0
17,12,9,0,0.0,0,0.0
18,12,9,0,100.0,0,0.0
19,12,9,0,0.0,0,100.0
20,12,9,0,0.0,0,0.0
21,12,9,0,0.0,0,0.0
22,12,9,0,0.0,0,0.0
23,12,9,0,0.0,0,0.0
24,12,9,0,0.0,0,0.0
1,13,9,0,0.0,0,0.0
2,13,9,0,0.0,0,0.0
3,13,9,0,0.0,0,0.0
4,13,9,0,0.0,0,0.0
5,13,9,0,0.0,0,0.0
6,13,9,0,0.0,0,0.0
7,13,9,0,0.0,0,0.0
8,13,9,0,0.0,0,0.0
9,13,9,0,0.0,0,0.0
10,13,9,0,0.0,0,0.0
11,13,9,0,0.0,0,0.0
12,13,9,0,0.0,0,0.0
13,13,9,0,0.0,0,0.0
14,13,9,0,0.0,0,0.0
15,13,9,0,100.0,0,0.0
16,13,9,0,0.0,0,0.0
17,13,9,0,0.0,0,0.0
18,13,9,0,0.0,0,0.0
19,13,9,0,0.0,0,0.0
20,13,9,0,0.0,0,100.0
21,13,9,0,0.0,0,0.0
22,13,9,0,0.0,0,0.0
23,13,9,0,0.0,0,0.0
24,13,9,0,0.0,0,0.0
1,14,9,0,0.0,0,0.0
2,14,9,0,0.0,0,0.0
3,14,9,0,0.0,0,0.0
4,14,9,0,0.0,0,0.0
5,14,9,0,0.0,0,0.0
6,14,9,0,0.0,0,0.0
7,14,9,0,0.0,0,0.0
8,14,9,0,100.0,0,0.0
9,14,9,0,0.0,0,0.0
10,14,9,0,0.0,0,0.0
11,14,9,0,0.0,0,0.0
12,14,9,0,0.0,0,0.0
13,14,9,0,0.0,0,0.0
14,14,9,0,0.0,0,0.0
15,14,9,0,0.0,0,0.0
16,14,9,0,0.0,0,0.0
17,14,9,0,0.0,0,0.0
18,14,9,0,0.0,0,0.0
19,14,9,0,0.0,0,0.0
20,14,9,0,0.0,0,0.0
21,14,9,0,0.0,0,0.0
22,14,9,0,0.0,0,0.0
23,14,9,0,0.0,0,100.0
24,14,9,0,0.0,0,0.0
1,15,9,0,0.0,0,0.0
2,15,9,0,0.0,0,0.0
3,15,9,0,0.0,0,0.0
4,15,9,0,0.0,0,0.0
5,15,9,0,0.0,0,0.0
6,15,9,0,0.0,0,0.0
7,15,9,0,0.0,0,0.0
8,15,9,0,0.0,0,0.0
9,15,9,0,0.0,0,0.0
10,15,9,0,0.0,0,0.0
11,15,9,0,0.0,0,0.0
12,15,9,0,0.0,0,0.0
13,15,9,0,0.0,0,0.0
14,15,9,0,0.0,0,0.0
15,15,9,0,100.0,0,0.0
16,15,9,0,0.0,0,100.0
17,15,9,0,0.0,0,0.0
18,15,9,0,0.0,0,0.0
19,15,9,0,0.0,0,0.0
20,15,9,0,0.0,0,0.0
21,15,9,0,0.0,0,0.0
22,15,9,0,0.0,0,0.0
23,15,9,0,0.0,0,0.0
24,15,9,0,0.0,0,0.0
1,16,9,0,0.0,0,0.0
2,16,9,0,0.0,0,0.0
3,16,9,0,0.0,0,0.0
4,16,9,0,0.0,0,0.0
5,16,9,0,0.0,0,0.0
6,16,9,0,0.0,0,0.0
7,16,9,0,0.0,0,0.0
8,16,9,0,0.0,0,0.0
9,16,9,0,0.0,0,0.0
10,16,9,0,0.0,0,0.0
11,16,9,0,0.0,0,0.0
12,16,9,0,0.0,0,0.0
13,16,9,0,0.0,0,0.0
14,16,9,0,0.0,0,0.0
15,16,9,0,0.0,0,0.0
16,16,9,0,0.0,0,0.0
17,16,9,0,0.0,0,0.0
18,16,9,0,0.0,0,0.0
19,16,9,0,0.0,0,0.0
20,16,9,0,100.0,0,100.0
21,16,9,0,0.0,0,0.0
22,16,9,0,0.0,0,0.0
23,16,9,0,0.0,0,0.0
24,16,9,0,0.0,0,0.0
1,17,9,0,0.0,0,0.0
2,17,9,0,0.0,0,0.0
3,17,9,0,0.0,0,0.0
4,17,9,0,0.0,0,0.0
5,17,9,0,0.0,0,0.0
6,17,9,0,0.0,0,0.0
7,17,9,0,0.0,0,0.0
8,17,9,0,0.0,0,0.0
9,17,9,0,0.0,0,0.0
10,17,9,0,0.0,0,0.0
11,17,9,0,0.0,0,0.0
12,17,9,0,0.0,0,0.0
13,17,9,0,0.0,0,0.0
14,17,9,0,0.0,0,0.0
15,17,9,0,0.0,0,0.0
16,17,9,0,0.0,0,0.0
17,17,9,0,0.0,0,0.0
18,17,9,0,0.0,0,0.0
19,17,9,0,0.0,0,0.0
20,17,9,0,100.0,0,100.0
21,17,9,0,0.0,0,0.0
22,17,9,0,0.0,0,0.0
23,17,9,0,0.0,0,0.0
24,17,9,0,0.0,0,0.0
1,18,9,0,0.0,0,0.0
2,18,9,0,0.0,0,0.0
3,18,9,0,0.0,0,0.0
4,18,9,0,0.0,0,0.0
5,18,9,0,0.0,0,0.0
6,18,9,0,0.0,0,0.0
7,18,9,0,0.0,0,0.0
8,18,9,0,0.0,0,0.0
9,18,9,0,0.0,0,0.0
10,18,9,0,0.0,0,0.0
11,18,9,0,0.0,0,0.0
12,18,9,0,0.0,0,0.0
13,18,9,0,0.0,0,0.0
14,18,9,0,0.0,0,0.0
15,18,9,0,0.0,0,0.0
16,18,9,0,0.0,0,0.0
17,18,9,0,0.0,0,0.0
18,18,9,0,0.0,0,0.0
19,18,9,0,0.0,0,0.0
20,18,9,0,100.0,0,100.0
21,18,9,0,0.0,0,0.0
22,18,9,0,0.0,0,0.0
23,18,9,0,0.0,0,0.0
24,18,9,0,0.0,0,0.0
1,19,9,0,0.0,0,100.0
2,19,9,0,0.0,0,0.0
3,19,9,0,0.0,0,0.0
4,19,9,0,0.0,0,0.0
5,19,9,0,0.0,0,0.0
6,19,9,0,0.0,0,0.0
7,19,9,0,0.0,0,0.0
8,19,9,0,0.0,0,0.0
9,19,9,0,0.0,0,0.0
10,19,9,0,0.0,0,0.0
11,19,9,0,0.0,0,0.0
12,19,9,0,0.0,0,0.0
13,19,9,0,0.0,0,0.0
14,19,9,0,0.0,0,0.0
15,19,9,0,0.0,0,0.0
16,19,9,0,0.0,0,0.0
17,19,9,0,0.0,0,0.0
18,19,9,0,0.0,0,0.0
19,19,9,0,0.0,0,0.0
20,19,9,0,100.0,0,0.0
21,19,9,0,0.0,0,0.0
22,19,9,0,0.0,0,0.0
23,19,9,0,0.0,0,0.0
24,19,9,0,0.0,0,0.0
1,20,9,0,0,0.0,0.0
2,20,9,0,0,0.0,0.0
3,20,9,0,0,0.0,0.0
4,20,9,0,0,0.0,0.0
5,20,9,0,0,0.0,0.0
6,20,9,0,0,0.0,0.0
7,20,9,0,0,0.0,0.0
8,20,9,0,0,0.0,0.0
9,20,9,0,0,0.0,0.0
10,20,9,0,0,0.0,0.0
11,20,9,0,0,0.0,0.0
12,20,9,0,0,0.0,0.0
13,20,9,0,0,0.0,0.0
14,20,9,0,0,0.0,0.0
15,20,9,0,0,0.0,0.0
16,20,9,0,0,0.0,0.0
17,20,9,0,0,0.0,0.0
18,20,9,0,0,0.0,0.0
19,20,9,0,0,100.0,100.0
20,20,9,0,0,0.0,0.0
21,20,9,0,0,0.0,0.0
22,20,9,0,0,0.0,0.0
23,20,9,0,0,0.0,0.0
24,20,9,0,0,0.0,0.0
1,21,9,0,0.0,0,0.0
2,21,9,0,0.0,0,0.0
3,21,9,0,0.0,0,0.0
4,21,9,0,0.0,0,0.0
5,21,9,0,0.0,0,0.0
6,21,9,0,0.0,0,0.0
7,21,9,0,0.0,0,0.0
8,21,9,0,0.0,0,0.0
9,21,9,0,0.0,0,0.0
10,21,9,0,0.0,0,0.0
11,21,9,0,0.0,0,0.0
12,21,9,0,0.0,0,0.0
13,21,9,0,0.0,0,0.0
14,21,9,0,0.0,0,0.0
15,21,9,0,100.0,0,0.0
16,21,9,0,0.0,0,0.0
17,21,9,0,0.0,0,0.0
18,21,9,0,0.0,0,0.0
19,21,9,0,0.0,0,0.0
20,21,9,0,0.0,0,0.0
21,21,9,0,0.0,0,100.0
22,21,9,0,0.0,0,0.0
23,21,9,0,0.0,0,0.0
24,21,9,0,0.0,0,0.0
1,22,9,0,0.0,0,0.0
2,22,9,0,0.0,0,0.0
3,22,9,0,0.0,0,0.0
4,22,9,0,0.0,0,0.0
5,22,9,0,0.0,0,0.0
6,22,9,0,0.0,0,0.0
7,22,9,0,0.0,0,0.0
8,22,9,0,0.0,0,0.0
9,22,9,0,0.0,0,0.0
10,22,9,0,0.0,0,0.0
11,22,9,0,0.0,0,0.0
12,22,9,0,0.0,0,0.0
13,22,9,0,0.0,0,0.0
14,22,9,0,0.0,0,0.0
15,22,9,0,0.0,0,0.0
16,22,9,0,0.0,0,0.0
17,22,9,0,0.0,0,0.0
18,22,9,0,0.0,0,0.0
19,22,9,0,0.0,0,100.0
20,22,9,0,100.0,0,0.0
21,22,9,0,0.0,0,0.0
22,22,9,0,0.0,0,0.0
23,22,9,0,0.0,0,0.0
24,22,9,0,0.0,0,0.0
1,23,9,0,0.0,0,0.0
2,23,9,0,0.0,0,0.0
3,23,9,0,0.0,0,0.0
4,23,9,0,0.0,0,0.0
5,23,9,0,0.0,0,0.0
6,23,9,0,0.0,0,0.0
7,23,9,0,0.0,0,0.0
8,23,9,0,0.0,0,0.0
9,23,9,0,0.0,0,0.0
10,23,9,0,0.0,0,0.0
11,23,9,0,0.0,0,0.0
12,23,9,0,0.0,0,0.0
13,23,9,0,0.0,0,0.0
14,23,9,0,0.0,0,0.0
15,23,9,0,0.0,0,0.0
16,23,9,0,0.0,0,0.0
17,23,9,0,0.0,0,0.0
18,23,9,0,0.0,0,0.0
19,23,9,0,0.0,0,100.0
20,23,9,0,100.0,0,0.0
21,23,9,0,0.0,0,0.0
22,23,9,0,0.0,0,0.0
23,23,9,0,0.0,0,0.0
24,23,9,0,0.0,0,0.0
1,24,9,0,0.0,0,0.0
2,24,9,0,0.0,0,0.0
3,24,9,0,0.0,0,0.0
4,24,9,0,0.0,0,0.0
5,24,9,0,0.0,0,0.0
6,24,9,0,0.0,0,0.0
7,24,9,0,0.0,0,0.0
8,24,9,0,0.0,0,0.0
9,24,9,0,0.0,0,0.0
10,24,9,0,0.0,0,0.0
11,24,9,0,0.0,0,0.0
12,24,9,0,0.0,0,0.0
13,24,9,0,0.0,0,0.0
14,24,9,0,0.0,0,0.0
15,24,9,0,0.0,0,0.0
16,24,9,0,0.0,0,0.0
17,24,9,0,0.0,0,0.0
18,24,9,0,100.0,0,0.0
19,24,9,0,0.0,0,100.0
20,24,9,0,0.0,0,0.0
21,24,9,0,0.0,0,0.0
22,24,9,0,0.0,0,0.0
23,24,9,0,0.0,0,0.0
24,24,9,0,0.0,0,0.0
1,25,9,0,0.0,0,0.0
2,25,9,0,0.0,0,0.0
3,25,9,0,0.0,0,0.0
4,25,9,0,0.0,0,0.0
5,25,9,0,0.0,0,0.0
6,25,9,0,0.0,0,0.0
7,25,9,0,0.0,0,0.0
8,25,9,0,0.0,0,0.0
9,25,9,0,0.0,0,0.0
10,25,9,0,0.0,0,0.0
11,25,9,0,0.0,0,0.0
12,25,9,0,0.0,0,0.0
13,25,9,0,0.0,0,0.0
14,25,9,0,0.0,0,0.0
15,25,9,0,0.0,0,0.0
16,25,9,0,0.0,0,0.0
17,25,9,0,0.0,0,0.0
18,25,9,0,0.0,0,0.0
19,25,9,0,0.0,0,100.0
20,25,9,0,100.0,0,0.0
21,25,9,0,0.0,0,0.0
22,25,9,0,0.0,0,0.0
23,25,9,0,0.0,0,0.0
24,25,9,0,0.0,0,0.0
1,26,9,0,0,0.0,0.0
2,26,9,0,0,0.0,0.0
3,26,9,0,0,0.0,0.0
4,26,9,0,0,0.0,0.0
5,26,9,0,0,0.0,0.0
6,26,9,0,0,0.0,0.0
7,26,9,0,0,0.0,0.0
8,26,9,0,0,0.0,0.0
9,26,9,0,0,0.0,0.0
10,26,9,0,0,0.0,0.0
11,26,9,0,0,0.0,0.0
12,26,9,0,0,0.0,0.0
13,26,9,0,0,0.0,0.0
14,26,9,0,0,0.0,0.0
15,26,9,0,0,0.0,0.0
16,26,9,0,0,0.0,0.0
17,26,9,0,0,0.0,0.0
18,26,9,0,0,0.0,0.0
19,26,9,0,0,100.0,100.0
20,26,9,0,0,0.0,0.0
21,26,9,0,0,0.0,0.0
22,26,9,0,0,0.0,0.0
23,26,9,0,0,0.0,0.0
24,26,9,0,0,0.0,0.0
1,27,9,0,0,0.0,0.0
2,27,9,0,0,0.0,0.0
3,27,9,0,0,0.0,0.0
4,27,9,0,0,0.0,0.0
5,27,9,0,0,0.0,0.0
6,27,9,0,0,0.0,0.0
7,27,9,0,0,0.0,0.0
8,27,9,0,0,0.0,0.0
9,27,9,0,0,0.0,0.0
10,27,9,0,0,0.0,0.0
11,27,9,0,0,0.0,0.0
12,27,9,0,0,0.0,0.0
13,27,9,0,0,0.0,0.0
14,27,9,0,0,0.0,0.0
15,27,9,0,0,0.0,0.0
16,27,9,0,0,0.0,0.0
17,27,9,0,0,0.0,0.0
18,27,9,0,0,0.0,0.0
19,27,9,0,0,100.0,100.0
20,27,9,0,0,0.0,0.0
21,27,9,0,0,0.0,0.0
22,27,9,0,0,0.0,0.0
23,27,9,0,0,0.0,0.0
24,27,9,0,0,0.0,0.0
1,28,9,0,0.0,0,0.0
2,28,9,0,0.0,0,0.0
3,28,9,0,0.0,0,0.0
4,28,9,0,0.0,0,0.0
5,28,9,0,0.0,0,0.0
6,28,9,0,0.0,0,0.0
7,28,9,0,0.0,0,0.0
8,28,9,0,0.0,0,0.0
9,28,9,0,0.0,0,0.0
10,28,9,0,0.0,0,0.0
11,28,9,0,0.0,0,0.0
12,28,9,0,0.0,0,0.0
13,28,9,0,0.0,0,0.0
14,28,9,0,100.0,0,0.0
15,28,9,0,0.0,0,0.0
16,28,9,0,0.0,0,0.0
17,28,9,0,0.0,0,0.0
18,28,9,0,0.0,0,0.0
19,28,9,0,0.0,0,100.0
20,28,9,0,0.0,0,0.0
21,28,9,0,0.0,0,0.0
22,28,9,0,0.0,0,0.0
23,28,9,0,0.0,0,0.0
24,28,9,0,0.0,0,0.0
1,29,9,0,0,0.0,0.0
2,29,9,0,0,0.0,0.0
3,29,9,0,0,0.0,0.0
4,29,9,0,0,0.0,0.0
5,29,9,0,0,0.0,0.0
6,29,9,0,0,0.0,0.0
7,29,9,0,0,0.0,0.0
8,29,9,0,0,0.0,0.0
9,29,9,0,0,0.0,0.0
10,29,9,0,0,0.0,0.0
11,29,9,0,0,0.0,0.0
12,29,9,0,0,0.0,0.0
13,29,9,0,0,0.0,0.0
14,29,9,0,0,0.0,0.0
15,29,9,0,0,0.0,0.0
16,29,9,0,0,0.0,0.0
17,29,9,0,0,0.0,0.0
18,29,9,0,0,0.0,0.0
19,29,9,0,0,100.0,100.0
20,29,9,0,0,0.0,0.0
21,29,9,0,0,0.0,0.0
22,29,9,0,0,0.0,0.0
23,29,9,0,0,0.0,0.0
24,29,9,0,0,0.0,0.0
1,30,9,0,0.0,0,0.0
2,30,9,0,0.0,0,0.0
3,30,9,0,0.0,0,0.0
4,30,9,0,0.0,0,0.0
5,30,9,0,0.0,0,0.0
6,30,9,0,0.0,0,0.0
7,30,9,0,0.0,0,0.0
8,30,9,0,0.0,0,0.0
9,30,9,0,0.0,0,0.0
10,30,9,0,0.0,0,0.0
11,30,9,0,0.0,0,0.0
12,30,9,0,0.0,0,0.0
13,30,9,0,0.0,0,0.0
14,30,9,0,0.0,0,0.0
15,30,9,0,0.0,0,0.0
16,30,9,0,0.0,0,0.0
17,30,9,0,0.0,0,0.0
18,30,9,0,0.0,0,100.0
19,30,9,0,0.0,0,0.0
20,30,9,0,100.0,0,0.0
21,30,9,0,0.0,0,0.0
22,30,9,0,0.0,0,0.0
23,30,9,0,0.0,0,0.0
24,30,9,0,0.0,0,0.0
1,1,12,0,0.0,0,0.0
2,1,12,0,0.0,0,0.0
3,1,12,0,0.0,0,0.0
4,1,12,0,0.0,0,0.0
5,1,12,0,0.0,0,0.0
6,1,12,0,0.0,0,0.0
7,1,12,0,0.0,0,0.0
8,1,12,0,100.0,0,0.0
9,1,12,0,0.0,0,100.0
10,1,12,0,0.0,0,0.0
11,1,12,0,0.0,0,0.0
12,1,12,0,0.0,0,0.0
13,1,12,0,0.0,0,0.0
14,1,12,0,0.0,0,0.0
15,1,12,0,0.0,0,0.0
16,1,12,0,0.0,0,0.0
17,1,12,0,0.0,0,0.0
18,1,12,0,0.0,0,0.0
19,1,12,0,0.0,0,0.0
20,1,12,0,0.0,0,0.0
21,1,12,0,0.0,0,0.0
22,1,12,0,0.0,0,0.0
23,1,12,0,0.0,0,0.0
24,1,12,0,0.0,0,0.0
1,2,12,0,0.0,0,0.0
2,2,12,0,0.0,0,0.0
3,2,12,0,0.0,0,0.0
4,2,12,0,0.0,0,0.0
5,2,12,0,0.0,0,0.0
6,2,12,0,100.0,0,0.0
7,2,12,0,0.0,0,0.0
8,2,12,0,0.0,0,0.0
9,2,12,0,0.0,0,0.0
10,2,12,0,0.0,0,0.0
11,2,12,0,0.0,0,0.0
12,2,12,0,0.0,0,0.0
13,2,12,0,0.0,0,0.0
14,2,12,0,0.0,0,0.0
15,2,12,0,0.0,0,0.0
16,2,12,0,0.0,0,0.0
17,2,12,0,0.0,0,0.0
18,2,12,0,0.0,0,100.0
19,2,12,0,0.0,0,0.0
20,2,12,0,0.0,0,0.0
21,2,12,0,0.0,0,0.0
22,2,12,0,0.0,0,0.0
23,2,12,0,0.0,0,0.0
24,2,12,0,0.0,0,0.0
1,3,12,0,0.0,0,0.0
2,3,12,0,100.0,0,0.0
3,3,12,0,0.0,0,0.0
4,3,12,0,0.0,0,0.0
5,3,12,0,0.0,0,0.0
6,3,12,0,0.0,0,0.0
7,3,12,0,0.0,0,0.0
8,3,12,0,0.0,0,0.0
9,3,12,0,0.0,0,0.0
10,3,12,0,0.0,0,0.0
11,3,12,0,0.0,0,0.0
12,3,12,0,0.0,0,0.0
13,3,12,0,0.0,0,0.0
14,3,12,0,0.0,0,0.0
15,3,12,0,0.0,0,0.0
16,3,12,0,0.0,0,0.0
17,3,12,0,0.0,0,100.0
18,3,12,0,0.0,0,0.0
19,3,12,0,0.0,0,0.0
20,3,12,0,0.0,0,0.0
21,3,12,0,0.0,0,0.0
22,3,12,0,0.0,0,0.0
23,3,12,0,0.0,0,0.0
24,3,12,0,0.0,0,0.0
1,4,12,0,0.0,0,0.0
2,4,12,0,0.0,0,0.0
3,4,12,0,0.0,0,0.0
4,4,12,0,0.0,0,0.0
5,4,12,0,0.0,0,0.0
6,4,12,0,0.0,0,0.0
7,4,12,0,0.0,0,0.0
8,4,12,0,0.0,0,0.0
9,4,12,0,0.0,0,100.0
10,4,12,0,0.0,0,0.0
11,4,12,0,0.0,0,0.0
12,4,12,0,0.0,0,0.0
13,4,12,0,0.0,0,0.0
14,4,12,0,0.0,0,0.0
15,4,12,0,0.0,0,0.0
16,4,12,0,0.0,0,0.0
17,4,12,0,0.0,0,0.0
18,4,12,0,100.0,0,0.0
19,4,12,0,0.0,0,0.0
20,4,12,0,0.0,0,0.0
21,4,12,0,0.0,0,0.0
22,4,12,0,0.0,0,0.0
23,4,12,0,0.0,0,0.0
24,4,12,0,0.0,0,0.0
1,5,12,0,0.0,0,0.0
2,5,12,0,0.0,0,0.0
3,5,12,0,0.0,0,0.0
4,5,12,0,0.0,0,0.0
5,5,12,0,0.0,0,0.0
6,5,12,0,0.0,0,0.0
7,5,12,0,100.0,0,0.0
8,5,12,0,0.0,0,0.0
9,5,12,0,0.0,0,100.0
10,5,12,0,0.0,0,0.0
11,5,12,0,0.0,0,0.0
12,5,12,0,0.0,0,0.0
13,5,12,0,0.0,0,0.0
14,5,12,0,0.0,0,0.0
15,5,12,0,0.0,0,0.0
16,5,12,0,0.0,0,0.0
17,5,12,0,0.0,0,0.0
18,5,12,0,0.0,0,0.0
19,5,12,0,0.0,0,0.0
20,5,12,0,0.0,0,0.0
21,5,12,0,0.0,0,0.0
22,5,12,0,0.0,0,0.0
23,5,12,0,0.0,0,0.0
24,5,12,0,0.0,0,0.0
1,6,12,0,0.0,0,0.0
2,6,12,0,0.0,0,0.0
3,6,12,0,0.0,0,0.0
4,6,12,0,0.0,0,0.0
5,6,12,0,0.0,0,0.0
6,6,12,0,0.0,0,0.0
7,6,12,0,0.0,0,0.0
8,6,12,0,100.0,0,0.0
9,6,12,0,0.0,0,100.0
10,6,12,0,0.0,0,0.0
11,6,12,0,0.0,0,0.0
12,6,12,0,0.0,0,0.0
13,6,12,0,0.0,0,0.0
14,6,12,0,0.0,0,0.0
15,6,12,0,0.0,0,0.0
16,6,12,0,0.0,0,0.0
17,6,12,0,0.0,0,0.0
18,6,12,0,0.0,0,0.0
19,6,12,0,0.0,0,0.0
20,6,12,0,0.0,0,0.0
21,6,12,0,0.0,0,0.0
22,6,12,0,0.0,0,0.0
23,6,12,0,0.0,0,0.0
24,6,12,0,0.0,0,0.0
1,7,12,0,0.0,0,0.0
2,7,12,0,0.0,0,0.0
3,7,12,0,0.0,0,0.0
4,7,12,0,0.0,0,0.0
5,7,12,0,0.0,0,0.0
6,7,12,0,0.0,0,0.0
7,7,12,0,100.0,0,0.0
8,7,12,0,0.0,0,0.0
9,7,12,0,0.0,0,100.0
10,7,12,0,0.0,0,0.0
11,7,12,0,0.0,0,0.0
12,7,12,0,0.0,0,0.0
13,7,12,0,0.0,0,0.0
14,7,12,0,0.0,0,0.0
15,7,12,0,0.0,0,0.0
16,7,12,0,0.0,0,0.0
17,7,12,0,0.0,0,0.0
18,7,12,0,0.0,0,0.0
19,7,12,0,0.0,0,0.0
20,7,12,0,0.0,0,0.0
21,7,12,0,0.0,0,0.0
22,7,12,0,0.0,0,0.0
23,7,12,0,0.0,0,0.0
24,7,12,0,0.0,0,0.0
1,8,12,0,0.0,0,0.0
2,8,12,0,0.0,0,0.0
3,8,12,0,0.0,0,0.0
4,8,12,0,0.0,0,0.0
5,8,12,0,0.0,0,0.0
6,8,12,0,0.0,0,0.0
7,8,12,0,0.0,0,0.0
8,8,12,0,0.0,0,0.0
9,8,12,0,0.0,0,0.0
10,8,12,0,0.0,0,0.0
11,8,12,0,0.0,0,0.0
12,8,12,0,0.0,0,0.0
13,8,12,0,0.0,0,0.0
14,8,12,0,0.0,0,0.0
15,8,12,0,0.0,0,0.0
16,8,12,0,0.0,0,0.0
17,8,12,0,0.0,0,0.0
18,8,12,0,100.0,0,100.0
19,8,12,0,0.0,0,0.0
20,8,12,0,0.0,0,0.0
21,8,12,0,0.0,0,0.0
22,8,12,0,0.0,0,0.0
23,8,12,0,0.0,0,0.0
24,8,12,0,0.0,0,0.0
1,9,12,0,0.0,0,0.0
2,9,12,0,0.0,0,0.0
3,9,12,0,0.0,0,0.0
4,9,12,0,0.0,0,0.0
5,9,12,0,0.0,0,0.0
6,9,12,0,0.0,0,0.0
7,9,12,0,0.0,0,0.0
8,9,12,0,0.0,0,0.0
9,9,12,0,0.0,0,100.0
10,9,12,0,0.0,0,0.0
11,9,12,0,0.0,0,0.0
12,9,12,0,0.0,0,0.0
13,9,12,0,0.0,0,0.0
14,9,12,0,0.0,0,0.0
15,9,12,0,0.0,0,0.0
16,9,12,0,0.0,0,0.0
17,9,12,0,100.0,0,0.0
18,9,12,0,0.0,0,0.0
19,9,12,0,0.0,0,0.0
20,9,12,0,0.0,0,0.0
21,9,12,0,0.0,0,0.0
22,9,12,0,0.0,0,0.0
23,9,12,0,0.0,0,0.0
24,9,12,0,0.0,0,0.0
1,10,12,0,0.0,0,0.0
2,10,12,0,0.0,0,0.0
3,10,12,0,0.0,0,0.0
4,10,12,0,0.0,0,0.0
5,10,12,0,0.0,0,0.0
6,10,12,0,0.0,0,0.0
7,10,12,0,0.0,0,0.0
8,10,12,0,0.0,0,0.0
9,10,12,0,0.0,0,100.0
10,10,12,0,0.0,0,0.0
11,10,12,0,0.0,0,0.0
12,10,12,0,0.0,0,0.0
13,10,12,0,0.0,0,0.0
14,10,12,0,0.0,0,0.0
15,10,12,0,0.0,0,0.0
16,10,12,0,0.0,0,0.0
17,10,12,0,0.0,0,0.0
18,10,12,0,100.0,0,0.0
19,10,12,0,0.0,0,0.0
20,10,12,0,0.0,0,0.0
21,10,12,0,0.0,0,0.0
22,10,12,0,0.0,0,0.0
23,10,12,0,0.0,0,0.0
24,10,12,0,0.0,0,0.0
1,11,12,0,0.0,0,0.0
2,11,12,0,0.0,0,0.0
3,11,12,0,0.0,0,0.0
4,11,12,0,0.0,0,0.0
5,11,12,0,0.0,0,0.0
6,11,12,0,0.0,0,0.0
7,11,12,0,0.0,0,0.0
8,11,12,0,100.0,0,0.0
9,11,12,0,0.0,0,100.0
10,11,12,0,0.0,0,0.0
11,11,12,0,0.0,0,0.0
12,11,12,0,0.0,0,0.0
13,11,12,0,0.0,0,0.0
14,11,12,0,0.0,0,0.0
15,11,12,0,0.0,0,0.0
16,11,12,0,0.0,0,0.0
17,11,12,0,0.0,0,0.0
18,11,12,0,0.0,0,0.0
19,11,12,0,0.0,0,0.0
20,11,12,0,0.0,0,0.0
21,11,12,0,0.0,0,0.0
22,11,12,0,0.0,0,0.0
23,11,12,0,0.0,0,0.0
24,11,12,0,0.0,0,0.0
1,12,12,0,0.0,0,0.0
2,12,12,0,0.0,0,0.0
3,12,12,0,0.0,0,0.0
4,12,12,0,0.0,0,0.0
5,12,12,0,0.0,0,0.0
6,12,12,0,0.0,0,0.0
7,12,12,0,0.0,0,0.0
8,12,12,0,100.0,0,100.0
9,12,12,0,0.0,0,0.0
10,12,12,0,0.0,0,0.0
11,12,12,0,0.0,0,0.0
12,12,12,0,0.0,0,0.0
13,12,12,0,0.0,0,0.0
14,12,12,0,0.0,0,0.0
15,12,12,0,0.0,0,0.0
16,12,12,0,0.0,0,0.0
17,12,12,0,0.0,0,0.0
18,12,12,0,0.0,0,0.0
19,12,12,0,0.0,0,0.0
20,12,12,0,0.0,0,0.0
21,12,12,0,0.0,0,0.0
22,12,12,0,0.0,0,0.0
23,12,12,0,0.0,0,0.0
24,12,12,0,0.0,0,0.0
1,13,12,0,0.0,0,0.0
2,13,12,0,0.0,0,0.0
3,13,12,0,0.0,0,0.0
4,13,12,0,0.0,0,0.0
5,13,12,0,0.0,0,0.0
6,13,12,0,0.0,0,0.0
7,13,12,0,100.0,0,0.0
8,13,12,0,0.0,0,0.0
9,13,12,0,0.0,0,100.0
10,13,12,0,0.0,0,0.0
11,13,12,0,0.0,0,0.0
12,13,12,0,0.0,0,0.0
13,13,12,0,0.0,0,0.0
14,13,12,0,0.0,0,0.0
15,13,12,0,0.0,0,0.0
16,13,12,0,0.0,0,0.0
17,13,12,0,0.0,0,0.0
18,13,12,0,0.0,0,0.0
19,13,12,0,0.0,0,0.0
20,13,12,0,0.0,0,0.0
21,13,12,0,0.0,0,0.0
22,13,12,0,0.0,0,0.0
23,13,12,0,0.0,0,0.0
24,13,12,0,0.0,0,0.0
1,14,12,0,0.0,0,0.0
2,14,12,0,0.0,0,0.0
3,14,12,0,0.0,0,0.0
4,14,12,0,0.0,0,0.0
5,14,12,0,0.0,0,0.0
6,14,12,0,0.0,0,0.0
7,14,12,0,0.0,0,0.0
8,14,12,0,0.0,0,0.0
9,14,12,0,100.0,0,100.0
10,14,12,0,0.0,0,0.0
11,14,12,0,0.0,0,0.0
12,14,12,0,0.0,0,0.0
13,14,12,0,0.0,0,0.0
14,14,12,0,0.0,0,0.0
15,14,12,0,0.0,0,0.0
16,14,12,0,0.0,0,0.0
17,14,12,0,0.0,0,0.0
18,14,12,0,0.0,0,0.0
19,14,12,0,0.0,0,0.0
20,14,12,0,0.0,0,0.0
21,14,12,0,0.0,0,0.0
22,14,12,0,0.0,0,0.0
23,14,12,0,0.0,0,0.0
24,14,12,0,0.0,0,0.0
1,15,12,0,0.0,0,0.0
2,15,12,0,0.0,0,0.0
3,15,12,0,0.0,0,0.0
4,15,12,0,0.0,0,0.0
5,15,12,0,0.0,0,0.0
6,15,12,0,0.0,0,0.0
7,15,12,0,0.0,0,0.0
8,15,12,0,0.0,0,0.0
9,15,12,0,0.0,0,0.0
10,15,12,0,0.0,0,0.0
11,15,12,0,0.0,0,0.0
12,15,12,0,0.0,0,0.0
13,15,12,0,0.0,0,0.0
14,15,12,0,0.0,0,0.0
15,15,12,0,0.0,0,0.0
16,15,12,0,0.0,0,0.0
17,15,12,0,0.0,0,100.0
18,15,12,0,0.0,0,0.0
19,15,12,0,100.0,0,0.0
20,15,12,0,0.0,0,0.0
21,15,12,0,0.0,0,0.0
22,15,12,0,0.0,0,0.0
23,15,12,0,0.0,0,0.0
24,15,12,0,0.0,0,0.0
1,16,12,0,0.0,0,0.0
2,16,12,0,0.0,0,0.0
3,16,12,0,0.0,0,0.0
4,16,12,0,0.0,0,0.0
5,16,12,0,0.0,0,0.0
6,16,12,0,0.0,0,0.0
7,16,12,0,0.0,0,0.0
8,16,12,0,0.0,0,0.0
9,16,12,0,0.0,0,100.0
10,16,12,0,0.0,0,0.0
11,16,12,0,0.0,0,0.0
12,16,12,0,0.0,0,0.0
13,16,12,0,0.0,0,0.0
14,16,12,0,0.0,0,0.0
15,16,12,0,0.0,0,0.0
16,16,12,0,0.0,0,0.0
17,16,12,0,0.0,0,0.0
18,16,12,0,100.0,0,0.0
19,16,12,0,0.0,0,0.0
20,16,12,0,0.0,0,0.0
21,16,12,0,0.0,0,0.0
22,16,12,0,0.0,0,0.0
23,16,12,0,0.0,0,0.0
24,16,12,0,0.0,0,0.0
1,17,12,0,0.0,0,0.0
2,17,12,0,0.0,0,0.0
3,17,12,0,0.0,0,0.0
4,17,12,0,0.0,0,0.0
5,17,12,0,0.0,0,0.0
6,17,12,0,0.0,0,0.0
7,17,12,0,0.0,0,0.0
8,17,12,0,0.0,0,0.0
9,17,12,0,0.0,0,100.0
10,17,12,0,0.0,0,0.0
11,17,12,0,0.0,0,0.0
12,17,12,0,0.0,0,0.0
13,17,12,0,0.0,0,0.0
14,17,12,0,0.0,0,0.0
15,17,12,0,0.0,0,0.0
16,17,12,0,0.0,0,0.0
17,17,12,0,0.0,0,0.0
18,17,12,0,0.0,0,0.0
19,17,12,0,100.0,0,0.0
20,17,12,0,0.0,0,0.0
21,17,12,0,0.0,0,0.0
22,17,12,0,0.0,0,0.0
23,17,12,0,0.0,0,0.0
24,17,12,0,0.0,0,0.0
1,18,12,0,0.0,0,0.0
2,18,12,0,0.0,0,0.0
3,18,12,0,0.0,0,0.0
4,18,12,0,0.0,0,0.0
5,18,12,0,0.0,0,0.0
6,18,12,0,0.0,0,0.0
7,18,12,0,0.0,0,0.0
8,18,12,0,100.0,0,0.0
9,18,12,0,0.0,0,100.0
10,18,12,0,0.0,0,0.0
11,18,12,0,0.0,0,0.0
12,18,12,0,0.0,0,0.0
13,18,12,0,0.0,0,0.0
14,18,12,0,0.0,0,0.0
15,18,12,0,0.0,0,0.0
16,18,12,0,0.0,0,0.0
17,18,12,0,0.0,0,0.0
18,18,12,0,0.0,0,0.0
19,18,12,0,0.0,0,0.0
20,18,12,0,0.0,0,0.0
21,18,12,0,0.0,0,0.0
22,18,12,0,0.0,0,0.0
23,18,12,0,0.0,0,0.0
24,18,12,0,0.0,0,0.0
1,19,12,0,0.0,0,0.0
2,19,12,0,0.0,0,0.0
3,19,12,0,0.0,0,0.0
4,19,12,0,0.0,0,0.0
5,19,12,0,0.0,0,0.0
6,19,12,0,0.0,0,0.0
7,19,12,0,0.0,0,0.0
8,19,12,0,0.0,0,0.0
9,19,12,0,0.0,0,100.0
10,19,12,0,0.0,0,0.0
11,19,12,0,0.0,0,0.0
12,19,12,0,0.0,0,0.0
13,19,12,0,0.0,0,0.0
14,19,12,0,0.0,0,0.0
15,19,12,0,0.0,0,0.0
16,19,12,0,0.0,0,0.0
17,19,12,0,0.0,0,0.0
18,19,12,0,100.0,0,0.0
19,19,12,0,0.0,0,0.0
20,19,12,0,0.0,0,0.0
21,19,12,0,0.0,0,0.0
22,19,12,0,0.0,0,0.0
23,19,12,0,0.0,0,0.0
24,19,12,0,0.0,0,0.0
1,20,12,0,0.0,0,0.0
2,20,12,0,0.0,0,0.0
3,20,12,0,0.0,0,0.0
4,20,12,0,0.0,0,0.0
5,20,12,0,0.0,0,0.0
6,20,12,0,0.0,0,0.0
7,20,12,0,0.0,0,0.0
8,20,12,0,0.0,0,0.0
9,20,12,0,0.0,0,100.0
10,20,12,0,0.0,0,0.0
11,20,12,0,0.0,0,0.0
12,20,12,0,0.0,0,0.0
13,20,12,0,0.0,0,0.0
14,20,12,0,0.0,0,0.0
15,20,12,0,0.0,0,0.0
16,20,12,0,0.0,0,0.0
17,20,12,0,0.0,0,0.0
18,20,12,0,100.0,0,0.0
19,20,12,0,0.0,0,0.0
20,20,12,0,0.0,0,0.0
21,20,12,0,0.0,0,0.0
22,20,12,0,0.0,0,0.0
23,20,12,0,0.0,0,0.0
24,20,12,0,0.0,0,0.0
1,21,12,0,0.0,0,0.0
2,21,12,0,0.0,0,0.0
3,21,12,0,0.0,0,0.0
4,21,12,0,0.0,0,0.0
5,21,12,0,0.0,0,0.0
6,21,12,0,0.0,0,0.0
7,21,12,0,0.0,0,0.0
8,21,12,0,0.0,0,0.0
9,21,12,0,0.0,0,100.0
10,21,12,0,0.0,0,0.0
11,21,12,0,0.0,0,0.0
12,21,12,0,0.0,0,0.0
13,21,12,0,0.0,0,0.0
14,21,12,0,0.0,0,0.0
15,21,12,0,0.0,0,0.0
16,21,12,0,0.0,0,0.0
17,21,12,0,0.0,0,0.0
18,21,12,0,100.0,0,0.0
19,21,12,0,0.0,0,0.0
20,21,12,0,0.0,0,0.0
21,21,12,0,0.0,0,0.0
22,21,12,0,0.0,0,0.0
23,21,12,0,0.0,0,0.0
24,21,12,0,0.0,0,0.0
1,22,12,0,0.0,0,0.0
2,22,12,0,0.0,0,0.0
3,22,12,0,0.0,0,0.0
4,22,12,0,0.0,0,0.0
5,22,12,0,0.0,0,0.0
6,22,12,0,0.0,0,0.0
7,22,12,0,0.0,0,0.0
8,22,12,0,0.0,0,0.0
9,22,12,0,0.0,0,100.0
10,22,12,0,0.0,0,0.0
11,22,12,0,0.0,0,0.0
12,22,12,0,0.0,0,0.0
13,22,12,0,0.0,0,0.0
14,22,12,0,0.0,0,0.0
15,22,12,0,0.0,0,0.0
16,22,12,0,0.0,0,0.0
17,22,12,0,0.0,0,0.0
18,22,12,0,100.0,0,0.0
19,22,12,0,0.0,0,0.0
20,22,12,0,0.0,0,0.0
21,22,12,0,0.0,0,0.0
22,22,12,0,0.0,0,0.0
23,22,12,0,0.0,0,0.0
24,22,12,0,0.0,0,0.0
1,23,12,0,0.0,0,0.0
2,23,12,0,0.0,0,0.0
3,23,12,0,0.0,0,0.0
4,23,12,0,0.0,0,0.0
5,23,12,0,0.0,0,0.0
6,23,12,0,0.0,0,0.0
7,23,12,0,0.0,0,0.0
8,23,12,0,0.0,0,0.0
9,23,12,0,0.0,0,0.0
10,23,12,0,0.0,0,100.0
11,23,12,0,0.0,0,0.0
12,23,12,0,0.0,0,0.0
13,23,12,0,0.0,0,0.0
14,23,12,0,0.0,0,0.0
15,23,12,0,0.0,0,0.0
16,23,12,0,0.0,0,0.0
17,23,12,0,0.0,0,0.0
18,23,12,0,0.0,0,0.0
19,23,12,0,0.0,0,0.0
20,23,12,0,0.0,0,0.0
21,23,12,0,100.0,0,0.0
22,23,12,0,0.0,0,0.0
23,23,12,0,0.0,0,0.0
24,23,12,0,0.0,0,0.0
1,24,12,0,0.0,0,0.0
2,24,12,0,0.0,0,0.0
3,24,12,0,0.0,0,0.0
4,24,12,0,0.0,0,0.0
5,24,12,0,0.0,0,0.0
6,24,12,0,0.0,0,0.0
7,24,12,0,0.0,0,0.0
8,24,12,0,0.0,0,0.0
9,24,12,0,0.0,0,100.0
10,24,12,0,100.0,0,0.0
11,24,12,0,0.0,0,0.0
12,24,12,0,0.0,0,0.0
13,24,12,0,0.0,0,0.0
14,24,12,0,0.0,0,0.0
15,24,12,0,0.0,0,0.0
16,24,12,0,0.0,0,0.0
17,24,12,0,0.0,0,0.0
18,24,12,0,0.0,0,0.0
19,24,12,0,0.0,0,0.0
20,24,12,0,0.0,0,0.0
21,24,12,0,0.0,0,0.0
22,24,12,0,0.0,0,0.0
23,24,12,0,0.0,0,0.0
24,24,12,0,0.0,0,0.0
1,25,12,0,0.0,0,0.0
2,25,12,0,0.0,0,0.0
3,25,12,0,0.0,0,0.0
4,25,12,0,0.0,0,0.0
5,25,12,0,0.0,0,0.0
6,25,12,0,0.0,0,0.0
7,25,12,0,0.0,0,0.0
8,25,12,0,0.0,0,0.0
9,25,12,0,0.0,0,100.0
10,25,12,0,0.0,0,0.0
11,25,12,0,0.0,0,0.0
12,25,12,0,0.0,0,0.0
13,25,12,0,0.0,0,0.0
14,25,12,0,0.0,0,0.0
15,25,12,0,0.0,0,0.0
16,25,12,0,0.0,0,0.0
17,25,12,0,0.0,0,0.0
18,25,12,0,0.0,0,0.0
19,25,12,0,0.0,0,0.0
20,25,12,0,0.0,0,0.0
21,25,12,0,100.0,0,0.0
22,25,12,0,0.0,0,0.0
23,25,12,0,0.0,0,0.0
24,25,12,0,0.0,0,0.0
1,26,12,0,0.0,0,0.0
2,26,12,0,0.0,0,0.0
3,26,12,0,0.0,0,0.0
4,26,12,0,0.0,0,0.0
5,26,12,0,0.0,0,0.0
6,26,12,0,0.0,0,0.0
7,26,12,0,0.0,0,0.0
8,26,12,0,0.0,0,0.0
9,26,12,0,0.0,0,100.0
10,26,12,0,0.0,0,0.0
11,26,12,0,0.0,0,0.0
12,26,12,0,0.0,0,0.0
13,26,12,0,0.0,0,0.0
14,26,12,0,0.0,0,0.0
15,26,12,0,0.0,0,0.0
16,26,12,0,0.0,0,0.0
17,26,12,0,0.0,0,0.0
18,26,12,0,100.0,0,0.0
19,26,12,0,0.0,0,0.0
20,26,12,0,0.0,0,0.0
21,26,12,0,0.0,0,0.0
22,26,12,0,0.0,0,0.0
23,26,12,0,0.0,0,0.0
24,26,12,0,0.0,0,0.0
1,27,12,0,0.0,0,0.0
2,27,12,0,0.0,0,0.0
3,27,12,0,0.0,0,0.0
4,27,12,0,0.0,0,0.0
5,27,12,0,0.0,0,0.0
6,27,12,0,0.0,0,0.0
7,27,12,0,0.0,0,0.0
8,27,12,0,0.0,0,0.0
9,27,12,0,0.0,0,100.0
10,27,12,0,0.0,0,0.0
11,27,12,0,0.0,0,0.0
12,27,12,0,0.0,0,0.0
13,27,12,0,0.0,0,0.0
14,27,12,0,0.0,0,0.0
15,27,12,0,0.0,0,0.0
16,27,12,0,0.0,0,0.0
17,27,12,0,0.0,0,0.0
18,27,12,0,0.0,0,0.0
19,27,12,0,0.0,0,0.0
20,27,12,0,0.0,0,0.0
21,27,12,0,0.0,0,0.0
22,27,12,0,100.0,0,0.0
23,27,12,0,0.0,0,0.0
24,27,12,0,0.0,0,0.0
1,28,12,0,0.0,0,0.0
2,28,12,0,0.0,0,0.0
3,28,12,0,0.0,0,0.0
4,28,12,0,0.0,0,0.0
5,28,12,0,0.0,0,0.0
6,28,12,0,0.0,0,0.0
7,28,12,0,0.0,0,0.0
8,28,12,0,100.0,0,0.0
9,28,12,0,0.0,0,100.0
10,28,12,0,0.0,0,0.0
11,28,12,0,0.0,0,0.0
12,28,12,0,0.0,0,0.0
13,28,12,0,0.0,0,0.0
14,28,12,0,0.0,0,0.0
15,28,12,0,0.0,0,0.0
16,28,12,0,0.0,0,0.0
17,28,12,0,0.0,0,0.0
18,28,12,0,0.0,0,0.0
19,28,12,0,0.0,0,0.0
20,28,12,0,0.0,0,0.0
21,28,12,0,0.0,0,0.0
22,28,12,0,0.0,0,0.0
23,28,12,0,0.0,0,0.0
24,28,12,0,0.0,0,0.0
1,29,12,0,0.0,0,0.0
2,29,12,0,0.0,0,0.0
3,29,12,0,0.0,0,0.0
4,29,12,0,0.0,0,0.0
5,29,12,0,0.0,0,0.0
6,29,12,0,0.0,0,0.0
7,29,12,0,0.0,0,0.0
8,29,12,0,0.0,0,0.0
9,29,12,0,0.0,0,0.0
10,29,12,0,0.0,0,0.0
11,29,12,0,0.0,0,0.0
12,29,12,0,0.0,0,0.0
13,29,12,0,0.0,0,0.0
14,29,12,0,0.0,0,0.0
15,29,12,0,0.0,0,0.0
16,29,12,0,0.0,0,0.0
17,29,12,0,0.0,0,0.0
18,29,12,0,100.0,0,100.0
19,29,12,0,0.0,0,0.0
20,29,12,0,0.0,0,0.0
21,29,12,0,0.0,0,0.0
22,29,12,0,0.0,0,0.0
23,29,12,0,0.0,0,0.0
24,29,12,0,0.0,0,0.0
1,30,12,0,0.0,0,0.0
2,30,12,0,0.0,0,0.0
3,30,12,0,0.0,0,0.0
4,30,12,0,0.0,0,0.0
5,30,12,0,0.0,0,0.0
6,30,12,0,0.0,0,0.0
7,30,12,0,0.0,0,0.0
8,30,12,0,100.0,0,0.0
9,30,12,0,0.0,0,0.0
10,30,12,0,0.0,0,100.0
11,30,12,0,0.0,0,0.0
12,30,12,0,0.0,0,0.0
13,30,12,0,0.0,0,0.0
14,30,12,0,0.0,0,0.0
15,30,12,0,0.0,0,0.0
16,30,12,0,0.0,0,0.0
17,30,12,0,0.0,0,0.0
18,30,12,0,0.0,0,0.0
19,30,12,0,0.0,0,0.0
20,30,12,0,0.0,0,0.0
21,30,12,0,0.0,0,0.0
22,30,12,0,0.0,0,0.0
23,30,12,0,0.0,0,0.0
24,30,12,0,0.0,0,0.0
1,31,12,0,0.0,0,0.0
2,31,12,0,0.0,0,0.0
3,31,12,0,0.0,0,0.0
4,31,12,0,0.0,0,0.0
5,31,12,0,0.0,0,0.0
6,31,12,0,0.0,0,0.0
7,31,12,0,0.0,0,0.0
8,31,12,0,0.0,0,0.0
9,31,12,0,0.0,0,100.0
10,31,12,0,0.0,0,0.0
11,31,12,0,0.0,0,0.0
12,31,12,0,0.0,0,0.0
13,31,12,0,0.0,0,0.0
14,31,12,0,0.0,0,0.0
15,31,12,0,0.0,0,0.0
16,31,12,0,0.0,0,0.0
17,31,12,0,0.0,0,0.0
18,31,12,0,100.0,0,0.0
19,31,12,0,0.0,0,0.0
20,31,12,0,0.0,0,0.0
21,31,12,0,0.0,0,0.0
22,31,12,0,0.0,0,0.0
23,31,12,0,0.0,0,0.0
24,31,12,0,0.0,0,0.0
